states,kappa,freq_div,accuracy_mean,accuracy_std,f1_mean,f1_std,kappa_mean,kappa_std
7,1,3,1.0,0.0,1.0,0.0,1.0,0.0
7,1,5,1.0,0.0,1.0,0.0,1.0,0.0
7,1,7,1.0,0.0,1.0,0.0,1.0,0.0
7,5,3,1.0,0.0,1.0,0.0,1.0,0.0
7,5,5,1.0,0.0,1.0,0.0,1.0,0.0
7,5,7,1.0,0.0,1.0,0.0,1.0,0.0
7,10,3,1.0,0.0,1.0,0.0,1.0,0.0
7,10,5,1.0,0.0,1.0,0.0,1.0,0.0
7,10,7,1.0,0.0,1.0,0.0,1.0,0.0
9,1,3,1.0,0.0,1.0,0.0,1.0,0.0
9,1,5,1.0,0.0,1.0,0.0,1.0,0.0
9,1,7,1.0,0.0,1.0,0.0,1.0,0.0
9,5,3,1.0,0.0,1.0,0.0,1.0,0.0
9,5,5,1.0,0.0,1.0,0.0,1.0,0.0
9,5,7,1.0,0.0,1.0,0.0,1.0,0.0
9,10,3,1.0,0.0,1.0,0.0,1.0,0.0
9,10,5,1.0,0.0,1.0,0.0,1.0,0.0
9,10,7,1.0,0.0,1.0,0.0,1.0,0.0
11,1,3,1.0,0.0,1.0,0.0,1.0,0.0
11,1,5,1.0,0.0,1.0,0.0,1.0,0.0
11,1,7,1.0,0.0,1.0,0.0,1.0,0.0
11,5,3,1.0,0.0,1.0,0.0,1.0,0.0
11,5,5,1.0,0.0,1.0,0.0,1.0,0.0
11,5,7,1.0,0.0,1.0,0.0,1.0,0.0
11,10,3,1.0,0.0,1.0,0.0,1.0,0.0
11,10,5,1.0,0.0,1.0,0.0,1.0,0.0
11,10,7,1.0,0.0,1.0,0.0,1.0,0.0
13,1,3,1.0,0.0,1.0,0.0,1.0,0.0
13,1,5,1.0,0.0,1.0,0.0,1.0,0.0
13,1,7,1.0,0.0,1.0,0.0,1.0,0.0
13,5,3,1.0,0.0,1.0,0.0,1.0,0.0
13,5,5,1.0,0.0,1.0,0.0,1.0,0.0
13,5,7,1.0,0.0,1.0,0.0,1.0,0.0
13,10,3,1.0,0.0,1.0,0.0,1.0,0.0
13,10,5,1.0,0.0,1.0,0.0,1.0,0.0
13,10,7,1.0,0.0,1.0,0.0,1.0,0.0
