states,shift,downsample,accuracy_mean,accuracy_std,f1_mean,f1_std,kappa_mean,kappa_std
7,1,3,0.6402777777777777,0.0,0.38989010989010986,0.0,0.0,0.0
7,1,5,0.6402777777777777,0.0,0.38989010989010986,0.0,0.0,0.0
7,1,7,0.6402777777777777,0.0,0.38989010989010986,0.0,0.0,0.0
7,2,3,0.6402777777777777,0.0,0.38989010989010986,0.0,0.0,0.0
7,2,5,0.6402777777777777,0.0,0.38989010989010986,0.0,0.0,0.0
7,2,7,0.6402777777777777,0.0,0.38989010989010986,0.0,0.0,0.0
7,3,3,0.6402777777777777,0.0,0.38989010989010986,0.0,0.0,0.0
7,3,5,0.6402777777777777,0.0,0.38989010989010986,0.0,0.0,0.0
7,3,7,0.6402777777777777,0.0,0.38989010989010986,0.0,0.0,0.0
9,1,3,0.6402777777777777,0.0,0.38989010989010986,0.0,0.0,0.0
9,1,5,0.6402777777777777,0.0,0.38989010989010986,0.0,0.0,0.0
9,1,7,0.6402777777777777,0.0,0.38989010989010986,0.0,0.0,0.0
9,2,3,0.6402777777777777,0.0,0.38989010989010986,0.0,0.0,0.0
9,2,5,0.6402777777777777,0.0,0.38989010989010986,0.0,0.0,0.0
9,2,7,0.6402777777777777,0.0,0.38989010989010986,0.0,0.0,0.0
9,3,3,0.6402777777777777,0.0,0.38989010989010986,0.0,0.0,0.0
9,3,5,0.6402777777777777,0.0,0.38989010989010986,0.0,0.0,0.0
9,3,7,0.6402777777777777,0.0,0.38989010989010986,0.0,0.0,0.0
11,1,3,0.6402777777777777,0.0,0.38989010989010986,0.0,0.0,0.0
11,1,5,0.6402777777777777,0.0,0.38989010989010986,0.0,0.0,0.0
11,1,7,0.6402777777777777,0.0,0.38989010989010986,0.0,0.0,0.0
11,2,3,0.6402777777777777,0.0,0.38989010989010986,0.0,0.0,0.0
11,2,5,0.6402777777777777,0.0,0.38989010989010986,0.0,0.0,0.0
11,2,7,0.6402777777777777,0.0,0.38989010989010986,0.0,0.0,0.0
11,3,3,0.6402777777777777,0.0,0.38989010989010986,0.0,0.0,0.0
11,3,5,0.6402777777777777,0.0,0.38989010989010986,0.0,0.0,0.0
11,3,7,0.6402777777777777,0.0,0.38989010989010986,0.0,0.0,0.0
13,1,3,0.6402777777777777,0.0,0.38989010989010986,0.0,0.0,0.0
13,1,5,0.6402777777777777,0.0,0.38989010989010986,0.0,0.0,0.0
13,1,7,0.6402777777777777,0.0,0.38989010989010986,0.0,0.0,0.0
13,2,3,0.6402777777777777,0.0,0.38989010989010986,0.0,0.0,0.0
13,2,5,0.6402777777777777,0.0,0.38989010989010986,0.0,0.0,0.0
13,2,7,0.6402777777777777,0.0,0.38989010989010986,0.0,0.0,0.0
13,3,3,0.6402777777777777,0.0,0.38989010989010986,0.0,0.0,0.0
13,3,5,0.6402777777777777,0.0,0.38989010989010986,0.0,0.0,0.0
13,3,7,0.6402777777777777,0.0,0.38989010989010986,0.0,0.0,0.0
