SubjectID,Condition,TrialsFound,TrialsUsed,MeanTrialLength,Complete
1,Firm_Open,3,3,1199.0,1
1,Firm_Closed,3,3,1199.0,1
1,Foam_Open,3,3,1199.0,1
1,Foam_Closed,3,3,1199.0,1
2,Firm_Open,3,3,1199.0,1
2,Firm_Closed,3,3,1199.0,1
2,Foam_Open,3,3,1199.0,1
2,Foam_Closed,3,3,1199.0,1
3,Firm_Open,3,3,1199.0,1
3,Firm_Closed,3,3,1199.0,1
3,Foam_Open,3,3,1199.0,1
3,Foam_Closed,3,3,1199.0,1
4,Firm_Open,3,3,1199.0,1
4,Firm_Closed,3,3,1199.0,1
4,Foam_Open,3,3,1199.0,1
4,Foam_Closed,3,3,1199.0,1
5,Firm_Open,3,3,1199.0,1
5,Firm_Closed,3,3,1199.0,1
5,Foam_Open,3,3,1199.0,1
5,Foam_Closed,3,3,1199.0,1
6,Firm_Open,3,3,1199.0,1
6,Firm_Closed,3,3,1199.0,1
6,Foam_Open,3,3,1199.0,1
6,Foam_Closed,3,3,1199.0,1
7,Firm_Open,3,3,1199.0,1
7,Firm_Closed,3,3,1199.0,1
7,Foam_Open,3,3,1199.0,1
7,Foam_Closed,3,3,1199.0,1
8,Firm_Open,3,3,1199.0,1
8,Firm_Closed,3,3,1199.0,1
8,Foam_Open,3,3,1199.0,1
8,Foam_Closed,3,3,1199.0,1
9,Firm_Open,3,3,1199.0,1
9,Firm_Closed,3,3,1199.0,1
9,Foam_Open,3,3,1199.0,1
9,Foam_Closed,3,3,1199.0,1
10,Firm_Open,3,3,1199.0,1
10,Firm_Closed,3,3,1199.0,1
10,Foam_Open,3,3,1199.0,1
10,Foam_Closed,3,3,1199.0,1
11,Firm_Open,3,3,1199.0,1
11,Firm_Closed,3,3,1199.0,1
11,Foam_Open,3,3,1199.0,1
11,Foam_Closed,3,3,1199.0,1
12,Firm_Open,3,3,1199.0,1
12,Firm_Closed,3,3,1199.0,1
12,Foam_Open,3,3,1199.0,1
12,Foam_Closed,3,3,1199.0,1
13,Firm_Open,3,3,1199.0,1
13,Firm_Closed,3,3,1199.0,1
13,Foam_Open,3,3,1199.0,1
13,Foam_Closed,3,3,1199.0,1
14,Firm_Open,3,3,1199.0,1
14,Firm_Closed,3,3,1199.0,1
14,Foam_Open,3,3,1199.0,1
14,Foam_Closed,3,3,1199.0,1
15,Firm_Open,3,3,1199.0,1
15,Firm_Closed,3,3,1199.0,1
15,Foam_Open,3,3,1199.0,1
15,Foam_Closed,3,3,1199.0,1
16,Firm_Open,3,3,1199.0,1
16,Firm_Closed,3,3,1199.0,1
16,Foam_Open,3,3,1199.0,1
16,Foam_Closed,3,3,1199.0,1
17,Firm_Open,3,3,1199.0,1
17,Firm_Closed,3,3,1199.0,1
17,Foam_Open,3,3,1199.0,1
17,Foam_Closed,3,3,1199.0,1
18,Firm_Open,3,3,1199.0,1
18,Firm_Closed,3,3,1199.0,1
18,Foam_Open,3,3,1199.0,1
18,Foam_Closed,3,3,1199.0,1
19,Firm_Open,3,3,1199.0,1
19,Firm_Closed,3,3,1199.0,1
19,Foam_Open,3,3,1199.0,1
19,Foam_Closed,3,3,1199.0,1
20,Firm_Open,3,3,1199.0,1
20,Firm_Closed,3,3,1199.0,1
20,Foam_Open,3,3,1199.0,1
20,Foam_Closed,3,3,1199.0,1
21,Firm_Open,3,3,1199.0,1
21,Firm_Closed,3,3,1199.0,1
21,Foam_Open,3,3,1199.0,1
21,Foam_Closed,3,3,1199.0,1
22,Firm_Open,3,3,1199.0,1
22,Firm_Closed,3,3,1199.0,1
22,Foam_Open,3,3,1199.0,1
22,Foam_Closed,3,3,1199.0,1
23,Firm_Open,3,3,1199.0,1
23,Firm_Closed,3,3,1199.0,1
23,Foam_Open,3,3,1199.0,1
23,Foam_Closed,3,3,1199.0,1
24,Firm_Open,3,3,1199.0,1
24,Firm_Closed,3,3,1199.0,1
24,Foam_Open,3,3,1199.0,1
24,Foam_Closed,3,3,1199.0,1
25,Firm_Open,3,3,1199.0,1
25,Firm_Closed,3,3,1199.0,1
25,Foam_Open,3,3,1199.0,1
25,Foam_Closed,3,3,1199.0,1
26,Firm_Open,3,3,1199.0,1
26,Firm_Closed,3,3,1199.0,1
26,Foam_Open,3,3,1199.0,1
26,Foam_Closed,3,3,1199.0,1
27,Firm_Open,3,3,1199.0,1
27,Firm_Closed,3,3,1199.0,1
27,Foam_Open,3,3,1199.0,1
27,Foam_Closed,3,3,1199.0,1
28,Firm_Open,3,3,1199.0,1
28,Firm_Closed,3,3,1199.0,1
28,Foam_Open,3,3,1199.0,1
28,Foam_Closed,3,3,1199.0,1
29,Firm_Open,3,3,1199.0,1
29,Firm_Closed,3,3,1199.0,1
29,Foam_Open,3,3,1199.0,1
29,Foam_Closed,3,3,1199.0,1
30,Firm_Open,3,3,1199.0,1
30,Firm_Closed,3,3,1199.0,1
30,Foam_Open,3,3,1199.0,1
30,Foam_Closed,3,3,1199.0,1
31,Firm_Open,3,3,1199.0,1
31,Firm_Closed,3,3,1199.0,1
31,Foam_Open,3,3,1199.0,1
31,Foam_Closed,3,3,1199.0,1
32,Firm_Open,3,3,1199.0,1
32,Firm_Closed,3,3,1199.0,1
32,Foam_Open,3,3,1199.0,1
32,Foam_Closed,3,3,1199.0,1
33,Firm_Open,3,3,1199.0,1
33,Firm_Closed,3,3,1199.0,1
33,Foam_Open,3,3,1199.0,1
33,Foam_Closed,3,3,1199.0,1
34,Firm_Open,3,3,1199.0,1
34,Firm_Closed,3,3,1199.0,1
34,Foam_Open,3,3,1199.0,1
34,Foam_Closed,3,3,1199.0,1
35,Firm_Open,3,3,1199.0,1
35,Firm_Closed,3,3,1199.0,1
35,Foam_Open,3,3,1199.0,1
35,Foam_Closed,3,3,1199.0,1
36,Firm_Open,3,3,1199.0,1
36,Firm_Closed,3,3,1199.0,1
36,Foam_Open,3,3,1199.0,1
36,Foam_Closed,3,3,1199.0,1
37,Firm_Open,3,3,1199.0,1
37,Firm_Closed,3,3,1199.0,1
37,Foam_Open,3,3,1199.0,1
37,Foam_Closed,3,3,1199.0,1
38,Firm_Open,3,3,1199.0,1
38,Firm_Closed,3,3,1199.0,1
38,Foam_Open,3,3,1199.0,1
38,Foam_Closed,3,3,1199.0,1
39,Firm_Open,3,3,1199.0,1
39,Firm_Closed,3,3,1199.0,1
39,Foam_Open,3,3,1199.0,1
39,Foam_Closed,3,3,1199.0,1
40,Firm_Open,3,3,1199.0,1
40,Firm_Closed,3,3,1199.0,1
40,Foam_Open,3,3,1199.0,1
40,Foam_Closed,3,3,1199.0,1
41,Firm_Open,3,3,1199.0,1
41,Firm_Closed,3,3,1199.0,1
41,Foam_Open,3,3,1199.0,1
41,Foam_Closed,3,3,1199.0,1
42,Firm_Open,3,3,1199.0,1
42,Firm_Closed,3,3,1199.0,1
42,Foam_Open,3,3,1199.0,1
42,Foam_Closed,3,3,1199.0,1
43,Firm_Open,3,3,1199.0,1
43,Firm_Closed,3,3,1199.0,1
43,Foam_Open,3,3,1199.0,1
43,Foam_Closed,3,3,1199.0,1
44,Firm_Open,3,3,1199.0,1
44,Firm_Closed,3,3,1199.0,1
44,Foam_Open,3,3,1199.0,1
44,Foam_Closed,3,3,1199.0,1
45,Firm_Open,3,3,1199.0,1
45,Firm_Closed,3,3,1199.0,1
45,Foam_Open,3,3,1199.0,1
45,Foam_Closed,3,3,1199.0,1
46,Firm_Open,3,3,1199.0,1
46,Firm_Closed,3,3,1199.0,1
46,Foam_Open,3,3,1199.0,1
46,Foam_Closed,3,3,1199.0,1
47,Firm_Open,3,3,1199.0,1
47,Firm_Closed,3,3,1199.0,1
47,Foam_Open,3,3,1199.0,1
47,Foam_Closed,3,3,1199.0,1
48,Firm_Open,3,3,1199.0,1
48,Firm_Closed,3,3,1199.0,1
48,Foam_Open,3,3,1199.0,1
48,Foam_Closed,3,3,1199.0,1
49,Firm_Open,3,3,1199.0,1
49,Firm_Closed,3,3,1199.0,1
49,Foam_Open,3,3,1199.0,1
49,Foam_Closed,3,3,1199.0,1
50,Firm_Open,3,3,1199.0,1
50,Firm_Closed,3,3,1199.0,1
50,Foam_Open,3,3,1199.0,1
50,Foam_Closed,3,3,1199.0,1
51,Firm_Open,3,3,1199.0,1
51,Firm_Closed,3,3,1199.0,1
51,Foam_Open,3,3,1199.0,1
51,Foam_Closed,3,3,1199.0,1
52,Firm_Open,3,3,1199.0,1
52,Firm_Closed,3,3,1199.0,1
52,Foam_Open,3,3,1199.0,1
52,Foam_Closed,3,3,1199.0,1
53,Firm_Open,3,3,1199.0,1
53,Firm_Closed,3,3,1199.0,1
53,Foam_Open,3,3,1199.0,1
53,Foam_Closed,3,3,1199.0,1
54,Firm_Open,3,3,1199.0,1
54,Firm_Closed,3,3,1199.0,1
54,Foam_Open,3,3,1199.0,1
54,Foam_Closed,3,3,1199.0,1
55,Firm_Open,3,3,1199.0,1
55,Firm_Closed,3,3,1199.0,1
55,Foam_Open,3,3,1199.0,1
55,Foam_Closed,3,3,1199.0,1
56,Firm_Open,3,3,1199.0,1
56,Firm_Closed,3,3,1199.0,1
56,Foam_Open,3,3,1199.0,1
56,Foam_Closed,3,3,1199.0,1
57,Firm_Open,3,3,1199.0,1
57,Firm_Closed,3,3,1199.0,1
57,Foam_Open,3,3,1199.0,1
57,Foam_Closed,3,3,1199.0,1
58,Firm_Open,3,3,1199.0,1
58,Firm_Closed,3,3,1199.0,1
58,Foam_Open,3,3,1199.0,1
58,Foam_Closed,3,3,1199.0,1
59,Firm_Open,3,3,1199.0,1
59,Firm_Closed,3,3,1199.0,1
59,Foam_Open,0,0,0.0,0
59,Foam_Closed,0,0,0.0,0
60,Firm_Open,3,3,1199.0,1
60,Firm_Closed,3,3,1199.0,1
60,Foam_Open,3,3,1199.0,1
60,Foam_Closed,0,0,0.0,0
61,Firm_Open,3,3,1199.0,1
61,Firm_Closed,3,3,1199.0,1
61,Foam_Open,3,3,1199.0,1
61,Foam_Closed,3,3,1199.0,1
62,Firm_Open,3,3,1199.0,1
62,Firm_Closed,3,3,1199.0,1
62,Foam_Open,3,3,1199.0,1
62,Foam_Closed,3,3,1199.0,1
63,Firm_Open,3,3,1199.0,1
63,Firm_Closed,3,3,1199.0,1
63,Foam_Open,3,3,1199.0,1
63,Foam_Closed,3,3,1199.0,1
64,Firm_Open,3,3,1199.0,1
64,Firm_Closed,3,3,1199.0,1
64,Foam_Open,3,3,1199.0,1
64,Foam_Closed,3,3,1199.0,1
65,Firm_Open,3,3,1199.0,1
65,Firm_Closed,3,3,1199.0,1
65,Foam_Open,3,3,1199.0,1
65,Foam_Closed,3,3,1199.0,1
66,Firm_Open,3,3,1199.0,1
66,Firm_Closed,3,3,1199.0,1
66,Foam_Open,3,3,1199.0,1
66,Foam_Closed,3,3,1199.0,1
67,Firm_Open,3,3,1199.0,1
67,Firm_Closed,3,3,1199.0,1
67,Foam_Open,3,3,1199.0,1
67,Foam_Closed,3,3,1199.0,1
68,Firm_Open,3,3,1199.0,1
68,Firm_Closed,3,3,1199.0,1
68,Foam_Open,3,3,1199.0,1
68,Foam_Closed,3,3,1199.0,1
69,Firm_Open,3,3,1199.0,1
69,Firm_Closed,3,3,1199.0,1
69,Foam_Open,3,3,1199.0,1
69,Foam_Closed,3,3,1199.0,1
70,Firm_Open,3,3,1199.0,1
70,Firm_Closed,3,3,1199.0,1
70,Foam_Open,3,3,1199.0,1
70,Foam_Closed,3,3,1199.0,1
71,Firm_Open,3,3,1199.0,1
71,Firm_Closed,3,3,1199.0,1
71,Foam_Open,3,3,1199.0,1
71,Foam_Closed,3,3,1199.0,1
72,Firm_Open,3,3,1199.0,1
72,Firm_Closed,3,3,1199.0,1
72,Foam_Open,3,3,1199.0,1
72,Foam_Closed,3,3,1199.0,1
73,Firm_Open,3,3,1199.0,1
73,Firm_Closed,3,3,1199.0,1
73,Foam_Open,3,3,1199.0,1
73,Foam_Closed,3,3,1199.0,1
74,Firm_Open,3,3,1199.0,1
74,Firm_Closed,3,3,1199.0,1
74,Foam_Open,3,3,1199.0,1
74,Foam_Closed,3,3,1199.0,1
75,Firm_Open,3,3,1199.0,1
75,Firm_Closed,3,3,1199.0,1
75,Foam_Open,3,3,1199.0,1
75,Foam_Closed,3,3,1199.0,1
76,Firm_Open,3,3,1199.0,1
76,Firm_Closed,3,3,1199.0,1
76,Foam_Open,3,3,1199.0,1
76,Foam_Closed,3,3,1199.0,1
77,Firm_Open,3,3,1199.0,1
77,Firm_Closed,3,3,1199.0,1
77,Foam_Open,3,3,1199.0,1
77,Foam_Closed,3,3,1199.0,1
78,Firm_Open,3,3,1199.0,1
78,Firm_Closed,3,3,1199.0,1
78,Foam_Open,3,3,1199.0,1
78,Foam_Closed,3,3,1199.0,1
79,Firm_Open,3,3,1199.0,1
79,Firm_Closed,3,3,1199.0,1
79,Foam_Open,3,3,1199.0,1
79,Foam_Closed,3,3,1199.0,1
80,Firm_Open,3,3,1199.0,1
80,Firm_Closed,3,3,1199.0,1
80,Foam_Open,3,3,1199.0,1
80,Foam_Closed,3,3,1199.0,1
81,Firm_Open,3,3,1199.0,1
81,Firm_Closed,3,3,1199.0,1
81,Foam_Open,3,3,1199.0,1
81,Foam_Closed,3,3,1199.0,1
82,Firm_Open,3,3,1199.0,1
82,Firm_Closed,3,3,1199.0,1
82,Foam_Open,3,3,1199.0,1
82,Foam_Closed,3,3,1199.0,1
83,Firm_Open,3,3,1199.0,1
83,Firm_Closed,3,3,1199.0,1
83,Foam_Open,3,3,1199.0,1
83,Foam_Closed,3,3,1199.0,1
84,Firm_Open,3,3,1199.0,1
84,Firm_Closed,3,3,1199.0,1
84,Foam_Open,3,3,1199.0,1
84,Foam_Closed,3,3,1199.0,1
85,Firm_Open,3,3,1199.0,1
85,Firm_Closed,3,3,1199.0,1
85,Foam_Open,3,3,1199.0,1
85,Foam_Closed,3,3,1199.0,1
86,Firm_Open,3,3,1199.0,1
86,Firm_Closed,3,3,1199.0,1
86,Foam_Open,0,0,0.0,0
86,Foam_Closed,0,0,0.0,0
87,Firm_Open,3,3,1199.0,1
87,Firm_Closed,3,3,1199.0,1
87,Foam_Open,3,3,1199.0,1
87,Foam_Closed,3,3,1199.0,1
88,Firm_Open,3,3,1199.0,1
88,Firm_Closed,3,3,1199.0,1
88,Foam_Open,3,3,1199.0,1
88,Foam_Closed,3,3,1199.0,1
89,Firm_Open,3,3,1199.0,1
89,Firm_Closed,3,3,1199.0,1
89,Foam_Open,3,3,1199.0,1
89,Foam_Closed,3,3,1199.0,1
90,Firm_Open,3,3,1199.0,1
90,Firm_Closed,3,3,1199.0,1
90,Foam_Open,3,3,1199.0,1
90,Foam_Closed,3,3,1199.0,1
91,Firm_Open,3,3,1199.0,1
91,Firm_Closed,3,3,1199.0,1
91,Foam_Open,3,3,1199.0,1
91,Foam_Closed,3,3,1199.0,1
92,Firm_Open,3,3,1199.0,1
92,Firm_Closed,3,3,1199.0,1
92,Foam_Open,3,3,1199.0,1
92,Foam_Closed,3,3,1199.0,1
93,Firm_Open,3,3,1199.0,1
93,Firm_Closed,3,3,1199.0,1
93,Foam_Open,3,3,1199.0,1
93,Foam_Closed,3,3,1199.0,1
94,Firm_Open,3,3,1199.0,1
94,Firm_Closed,3,3,1199.0,1
94,Foam_Open,3,3,1199.0,1
94,Foam_Closed,3,3,1199.0,1
95,Firm_Open,3,3,1199.0,1
95,Firm_Closed,3,3,1199.0,1
95,Foam_Open,3,3,1199.0,1
95,Foam_Closed,3,3,1199.0,1
96,Firm_Open,3,3,1199.0,1
96,Firm_Closed,3,3,1199.0,1
96,Foam_Open,3,3,1199.0,1
96,Foam_Closed,3,3,1199.0,1
97,Firm_Open,3,3,1199.0,1
97,Firm_Closed,3,3,1199.0,1
97,Foam_Open,3,3,1199.0,1
97,Foam_Closed,3,3,1199.0,1
98,Firm_Open,3,3,1199.0,1
98,Firm_Closed,3,3,1199.0,1
98,Foam_Open,3,3,1199.0,1
98,Foam_Closed,3,3,1199.0,1
99,Firm_Open,3,3,1199.0,1
99,Firm_Closed,3,3,1199.0,1
99,Foam_Open,3,3,1199.0,1
99,Foam_Closed,3,3,1199.0,1
100,Firm_Open,3,3,1199.0,1
100,Firm_Closed,3,3,1199.0,1
100,Foam_Open,3,3,1199.0,1
100,Foam_Closed,3,3,1199.0,1
101,Firm_Open,3,3,1199.0,1
101,Firm_Closed,3,3,1199.0,1
101,Foam_Open,3,3,1199.0,1
101,Foam_Closed,3,3,1199.0,1
102,Firm_Open,3,3,1199.0,1
102,Firm_Closed,3,3,1199.0,1
102,Foam_Open,3,3,1199.0,1
102,Foam_Closed,3,3,1199.0,1
103,Firm_Open,3,3,1199.0,1
103,Firm_Closed,3,3,1199.0,1
103,Foam_Open,3,3,1199.0,1
103,Foam_Closed,3,3,1199.0,1
104,Firm_Open,3,3,1199.0,1
104,Firm_Closed,3,3,1199.0,1
104,Foam_Open,3,3,1199.0,1
104,Foam_Closed,3,3,1199.0,1
105,Firm_Open,3,3,1199.0,1
105,Firm_Closed,3,3,1199.0,1
105,Foam_Open,3,3,1199.0,1
105,Foam_Closed,3,3,1199.0,1
106,Firm_Open,3,3,1199.0,1
106,Firm_Closed,3,3,1199.0,1
106,Foam_Open,3,3,1199.0,1
106,Foam_Closed,3,3,1199.0,1
107,Firm_Open,3,3,1199.0,1
107,Firm_Closed,3,3,1199.0,1
107,Foam_Open,3,3,1199.0,1
107,Foam_Closed,3,3,1199.0,1
108,Firm_Open,3,3,1199.0,1
108,Firm_Closed,3,3,1199.0,1
108,Foam_Open,3,3,1199.0,1
108,Foam_Closed,3,3,1199.0,1
109,Firm_Open,3,3,1199.0,1
109,Firm_Closed,3,3,1199.0,1
109,Foam_Open,3,3,1199.0,1
109,Foam_Closed,3,3,1199.0,1
110,Firm_Open,3,3,1199.0,1
110,Firm_Closed,3,3,1199.0,1
110,Foam_Open,3,3,1199.0,1
110,Foam_Closed,3,3,1199.0,1
111,Firm_Open,3,3,1199.0,1
111,Firm_Closed,3,3,1199.0,1
111,Foam_Open,3,3,1199.0,1
111,Foam_Closed,3,3,1199.0,1
112,Firm_Open,3,3,1199.0,1
112,Firm_Closed,3,3,1199.0,1
112,Foam_Open,3,3,1199.0,1
112,Foam_Closed,3,3,1199.0,1
113,Firm_Open,3,3,1199.0,1
113,Firm_Closed,3,3,1199.0,1
113,Foam_Open,3,3,1199.0,1
113,Foam_Closed,3,3,1199.0,1
114,Firm_Open,3,3,1199.0,1
114,Firm_Closed,3,3,1199.0,1
114,Foam_Open,3,3,1199.0,1
114,Foam_Closed,3,3,1199.0,1
115,Firm_Open,3,3,1199.0,1
115,Firm_Closed,3,3,1199.0,1
115,Foam_Open,3,3,1199.0,1
115,Foam_Closed,3,3,1199.0,1
116,Firm_Open,3,3,1199.0,1
116,Firm_Closed,3,3,1199.0,1
116,Foam_Open,3,3,1199.0,1
116,Foam_Closed,3,3,1199.0,1
117,Firm_Open,3,3,1199.0,1
117,Firm_Closed,3,3,1199.0,1
117,Foam_Open,3,3,1199.0,1
117,Foam_Closed,3,3,1199.0,1
118,Firm_Open,3,3,1199.0,1
118,Firm_Closed,3,3,1199.0,1
118,Foam_Open,3,3,1199.0,1
118,Foam_Closed,3,3,1199.0,1
119,Firm_Open,3,3,1199.0,1
119,Firm_Closed,3,3,1199.0,1
119,Foam_Open,3,3,1199.0,1
119,Foam_Closed,3,3,1199.0,1
120,Firm_Open,3,3,1199.0,1
120,Firm_Closed,3,3,1199.0,1
120,Foam_Open,3,3,1199.0,1
120,Foam_Closed,3,3,1199.0,1
121,Firm_Open,3,3,1199.0,1
121,Firm_Closed,3,3,1199.0,1
121,Foam_Open,3,3,1199.0,1
121,Foam_Closed,3,3,1199.0,1
122,Firm_Open,3,3,1199.0,1
122,Firm_Closed,1,1,1199.0,1
122,Foam_Open,0,0,0.0,0
122,Foam_Closed,0,0,0.0,0
123,Firm_Open,3,3,1199.0,1
123,Firm_Closed,3,3,1199.0,1
123,Foam_Open,3,3,1199.0,1
123,Foam_Closed,3,3,1199.0,1
124,Firm_Open,3,3,1199.0,1
124,Firm_Closed,3,3,1199.0,1
124,Foam_Open,3,3,1199.0,1
124,Foam_Closed,3,3,1199.0,1
125,Firm_Open,3,3,1199.0,1
125,Firm_Closed,3,3,1199.0,1
125,Foam_Open,3,3,1199.0,1
125,Foam_Closed,3,3,1199.0,1
126,Firm_Open,3,3,1199.0,1
126,Firm_Closed,3,3,1199.0,1
126,Foam_Open,3,3,1199.0,1
126,Foam_Closed,3,3,1199.0,1
127,Firm_Open,3,3,1199.0,1
127,Firm_Closed,3,3,1199.0,1
127,Foam_Open,3,3,1199.0,1
127,Foam_Closed,3,3,1199.0,1
128,Firm_Open,3,3,1199.0,1
128,Firm_Closed,3,3,1199.0,1
128,Foam_Open,3,3,1199.0,1
128,Foam_Closed,3,3,1199.0,1
129,Firm_Open,3,3,1199.0,1
129,Firm_Closed,3,3,1199.0,1
129,Foam_Open,3,3,1199.0,1
129,Foam_Closed,3,3,1199.0,1
130,Firm_Open,3,3,1199.0,1
130,Firm_Closed,3,3,1199.0,1
130,Foam_Open,3,3,1199.0,1
130,Foam_Closed,3,3,1199.0,1
131,Firm_Open,3,3,1199.0,1
131,Firm_Closed,3,3,1199.0,1
131,Foam_Open,3,3,1199.0,1
131,Foam_Closed,3,3,1199.0,1
132,Firm_Open,3,3,1199.0,1
132,Firm_Closed,3,3,1199.0,1
132,Foam_Open,3,3,1199.0,1
132,Foam_Closed,3,3,1199.0,1
133,Firm_Open,3,3,1199.0,1
133,Firm_Closed,3,3,1199.0,1
133,Foam_Open,3,3,1199.0,1
133,Foam_Closed,3,3,1199.0,1
134,Firm_Open,3,3,1199.0,1
134,Firm_Closed,3,3,1199.0,1
134,Foam_Open,3,3,1199.0,1
134,Foam_Closed,0,0,0.0,0
135,Firm_Open,3,3,1199.0,1
135,Firm_Closed,3,3,1199.0,1
135,Foam_Open,3,3,1199.0,1
135,Foam_Closed,3,3,1199.0,1
136,Firm_Open,3,3,1199.0,1
136,Firm_Closed,3,3,1199.0,1
136,Foam_Open,3,3,1199.0,1
136,Foam_Closed,3,3,1199.0,1
137,Firm_Open,3,3,1199.0,1
137,Firm_Closed,3,3,1199.0,1
137,Foam_Open,3,3,1199.0,1
137,Foam_Closed,3,3,1199.0,1
138,Firm_Open,3,3,1199.0,1
138,Firm_Closed,3,3,1199.0,1
138,Foam_Open,3,3,1199.0,1
138,Foam_Closed,3,3,1199.0,1
139,Firm_Open,3,3,1199.0,1
139,Firm_Closed,3,3,1199.0,1
139,Foam_Open,3,3,1199.0,1
139,Foam_Closed,3,3,1199.0,1
140,Firm_Open,3,3,1199.0,1
140,Firm_Closed,3,3,1199.0,1
140,Foam_Open,3,3,1199.0,1
140,Foam_Closed,3,3,1199.0,1
141,Firm_Open,3,3,1199.0,1
141,Firm_Closed,3,3,1199.0,1
141,Foam_Open,3,3,1199.0,1
141,Foam_Closed,3,3,1199.0,1
142,Firm_Open,3,3,1199.0,1
142,Firm_Closed,3,3,1199.0,1
142,Foam_Open,3,3,1199.0,1
142,Foam_Closed,3,3,1199.0,1
143,Firm_Open,3,3,1199.0,1
143,Firm_Closed,3,3,1199.0,1
143,Foam_Open,3,3,1199.0,1
143,Foam_Closed,3,3,1199.0,1
144,Firm_Open,3,3,1199.0,1
144,Firm_Closed,3,3,1199.0,1
144,Foam_Open,3,3,1199.0,1
144,Foam_Closed,3,3,1199.0,1
145,Firm_Open,3,3,1199.0,1
145,Firm_Closed,3,3,1199.0,1
145,Foam_Open,3,3,1199.0,1
145,Foam_Closed,3,3,1199.0,1
146,Firm_Open,3,3,1199.0,1
146,Firm_Closed,3,3,1199.0,1
146,Foam_Open,3,3,1199.0,1
146,Foam_Closed,3,3,1199.0,1
147,Firm_Open,3,3,1199.0,1
147,Firm_Closed,3,3,1199.0,1
147,Foam_Open,3,3,1199.0,1
147,Foam_Closed,3,3,1199.0,1
148,Firm_Open,3,3,1199.0,1
148,Firm_Closed,3,3,1199.0,1
148,Foam_Open,3,3,1199.0,1
148,Foam_Closed,3,3,1199.0,1
149,Firm_Open,3,3,1199.0,1
149,Firm_Closed,3,3,1199.0,1
149,Foam_Open,3,3,1199.0,1
149,Foam_Closed,3,3,1199.0,1
150,Firm_Open,3,3,1199.0,1
150,Firm_Closed,3,3,1199.0,1
150,Foam_Open,3,3,1199.0,1
150,Foam_Closed,3,3,1199.0,1
151,Firm_Open,3,3,1199.0,1
151,Firm_Closed,3,3,1199.0,1
151,Foam_Open,3,3,1199.0,1
151,Foam_Closed,3,3,1199.0,1
152,Firm_Open,3,3,1199.0,1
152,Firm_Closed,3,3,1199.0,1
152,Foam_Open,3,3,1199.0,1
152,Foam_Closed,3,3,1199.0,1
153,Firm_Open,3,3,1199.0,1
153,Firm_Closed,3,3,1199.0,1
153,Foam_Open,3,3,1199.0,1
153,Foam_Closed,3,3,1199.0,1
154,Firm_Open,3,3,1199.0,1
154,Firm_Closed,3,3,1199.0,1
154,Foam_Open,3,3,1199.0,1
154,Foam_Closed,3,3,1199.0,1
155,Firm_Open,3,3,1199.0,1
155,Firm_Closed,3,3,1199.0,1
155,Foam_Open,3,3,1199.0,1
155,Foam_Closed,3,3,1199.0,1
156,Firm_Open,3,3,1199.0,1
156,Firm_Closed,3,3,1199.0,1
156,Foam_Open,3,3,1199.0,1
156,Foam_Closed,3,3,1199.0,1
157,Firm_Open,3,3,1199.0,1
157,Firm_Closed,3,3,1199.0,1
157,Foam_Open,3,3,1199.0,1
157,Foam_Closed,3,3,1199.0,1
158,Firm_Open,3,3,1199.0,1
158,Firm_Closed,3,3,1199.0,1
158,Foam_Open,3,3,1199.0,1
158,Foam_Closed,3,3,1199.0,1
159,Firm_Open,3,3,1199.0,1
159,Firm_Closed,3,3,1199.0,1
159,Foam_Open,3,3,1199.0,1
159,Foam_Closed,3,3,1199.0,1
160,Firm_Open,3,3,1199.0,1
160,Firm_Closed,3,3,1199.0,1
160,Foam_Open,3,3,1199.0,1
160,Foam_Closed,3,3,1199.0,1
161,Firm_Open,3,3,1199.0,1
161,Firm_Closed,3,3,1199.0,1
161,Foam_Open,3,3,1199.0,1
161,Foam_Closed,3,3,1199.0,1
162,Firm_Open,3,3,1199.0,1
162,Firm_Closed,3,3,1199.0,1
162,Foam_Open,3,3,1199.0,1
162,Foam_Closed,3,3,1199.0,1
163,Firm_Open,3,3,1199.0,1
163,Firm_Closed,3,3,1199.0,1
163,Foam_Open,3,3,1199.0,1
163,Foam_Closed,3,3,1199.0,1
