SubjectID,Firm_Open_01,Firm_Open_02,Firm_Open_03,Firm_Open_04,Firm_Open_05,Firm_Open_06,Firm_Open_07,Firm_Open_08,Firm_Open_09,Firm_Open_10,Firm_Open_11,Firm_Open_12,Firm_Open_13,Firm_Closed_01,Firm_Closed_02,Firm_Closed_03,Firm_Closed_04,Firm_Closed_05,Firm_Closed_06,Firm_Closed_07,Firm_Closed_08,Firm_Closed_09,Firm_Closed_10,Firm_Closed_11,Firm_Closed_12,Firm_Closed_13,Foam_Open_01,Foam_Open_02,Foam_Open_03,Foam_Open_04,Foam_Open_05,Foam_Open_06,Foam_Open_07,Foam_Open_08,Foam_Open_09,Foam_Open_10,Foam_Open_11,Foam_Open_12,Foam_Open_13,Foam_Closed_01,Foam_Closed_02,Foam_Closed_03,Foam_Closed_04,Foam_Closed_05,Foam_Closed_06,Foam_Closed_07,Foam_Closed_08,Foam_Closed_09,Foam_Closed_10,Foam_Closed_11,Foam_Closed_12,Foam_Closed_13,class
1,0.054787339428475,0.0524655513166209,0.1384676529373521,0.0683585318555374,0.1821098488868687,0.0382119351742439,0.0490692772561481,0.2060733833032512,0.0766509736832171,0.0512111635468654,0.0825943426114198,0.4277454626664407,0.2043478912612834,0.0730819570288643,0.070065282711288,0.0425147344389024,0.0893447690845944,0.1142731467766955,0.0528002212907806,0.0701577451083977,0.2148107782350263,0.0412302369976929,0.0958441163859919,0.1358770119417655,0.4021332182861948,0.1848596988156116,0.1306936166868212,0.0633044827152038,0.1392887586900046,0.1222758729908154,0.1245429394282568,0.0297679911408682,0.0913426691983222,0.1046290525209415,0.0581786560834186,0.094993113930194,0.0409828466151532,2.454675420527128,0.4748988215110854,0.065635222387567,0.0711240977009477,0.1001331460861583,0.129823570883993,0.0751734070632029,0.0831149813034675,0.0861956982094929,0.1800845467890608,0.0202438502975563,0.0747108472018407,0.1137606320767125,4.364265513531545,0.5799237414054087,Positive
2,0.0609739784497549,0.0956159518058101,0.0801153669093998,0.1210102903531182,0.1189675741259433,0.0406406771110332,0.0872373625309865,0.1342438127439031,0.0446925746763371,0.1095389855422301,0.1069634257514833,0.4672525112594506,0.0949000589028485,0.1532213210917279,0.1112616781728829,0.1438116871786295,0.1016064203281022,0.0721442839739465,0.0715617333945356,0.0932407777311328,0.0542292190334498,0.0239999971869284,0.0656911057089972,0.1092317761996668,0.5039153808622974,0.1516853717321604,0.0897620209891371,0.0563913923987558,0.1718598395166336,0.0880843615919271,0.1392470484557763,0.0904182529407699,0.0840907392764356,0.088521225845193,0.0529452073824472,0.0495731100997192,0.0891068015032047,4.308302003054158,0.4299532249873122,0.0865336856271733,0.0461302851620711,0.1196636639652992,0.1250264388090314,0.0919859579548941,0.0500769418136702,0.0676535338150333,0.2074992512402995,0.0219496238294971,0.0719757738647832,0.1115048439182473,4.6175794197449855,0.5104255637258904,Positive
3,0.0483236746753984,0.1224823121684642,0.0755647414320398,0.0840404614648752,0.1876774385966177,0.0324927599667178,0.0856068871110554,0.2291783832922649,0.0256816010379272,0.0669873724004582,0.0419643678541807,0.8630103570563031,0.2381689019668842,0.065031715583442,0.075942849994207,0.103495779025682,0.1456006751410769,0.0806670929631433,0.0621104681756615,0.0958404562746955,0.0854570098401361,0.0579991917538881,0.1203144470640526,0.1075403141840145,1.032733131060105,0.2598063719439586,0.0868514104196613,0.067402017727865,0.1293242265706895,0.0971699232988024,0.1016045075323964,0.0873476905072628,0.1310311649240497,0.1058448860542261,0.0272628936749891,0.0909388623228802,0.0752224169671769,4.406919478701403,0.6789099460259752,0.0864256590143352,0.1259433571461552,0.0525680015956492,0.073600040197372,0.1564732367346279,0.0485626169613788,0.1249803484477816,0.0658694567456405,0.0412024255817214,0.0795400324055204,0.1448348251698172,11.29830671934905,0.9637580562616092,Positive
4,0.0838000738085599,0.0742772083987799,0.1256549961969619,0.0706958671603928,0.1002419997659343,0.0495562154206112,0.0361376326798691,0.2067821175320689,0.1057763031303724,0.0397738282498076,0.1073037576566414,1.3902102302058506,0.2478347575124698,0.101494819424206,0.0979519320902542,0.0946564582697501,0.1207970463010126,0.1631571384952921,0.0598715469805331,0.1025750964952282,0.1036847734320736,0.0498508851431599,0.0322362321803443,0.0737240711881454,1.206351703099034,0.2631410793928404,0.1279995106618928,0.0199016476784493,0.149240688195535,0.1107269394744724,0.1027391854762604,0.0330548282536995,0.0989387285990141,0.1184725864326127,0.0627054857183254,0.0541407482738098,0.1220796512359281,38.95656034481704,0.7809535395915868,0.1161537357305412,0.0532489429244476,0.0866757581630906,0.1465448098855574,0.119904084926393,0.0320031575583147,0.0484037307217336,0.1114230147963947,0.0785000560045041,0.0414996176982107,0.165643091590812,13.310353189021605,0.8973570303755167,Positive
5,0.073666509922357,0.1211397963413,0.0523869305949766,0.1420179664921222,0.0755958389797103,0.0672515854009954,0.0509204099484978,0.1005499466855204,0.040898089318374,0.1306311844063389,0.144941741909807,2.5391526815260943,0.2084303538937867,0.0819941635312158,0.0881357389974146,0.1574996648886697,0.0743154589472647,0.1568785025736144,0.069300219562376,0.0711376937897261,0.103158815496591,0.0277347895235844,0.0452488550901313,0.1245960975994116,1.900002263677196,0.232480878245964,0.0757693325841415,0.1050763934578749,0.067878054289299,0.112628216474871,0.1182416384581339,0.0332207409875604,0.0795700978635464,0.1069967073633774,0.112727296774601,0.0917899512120688,0.0961015705345251,5.591243641559127,0.4044355727964427,0.1344007219989358,0.0575138787204076,0.0688232039163516,0.1911929664591211,0.1269824823469296,0.0203657938863551,0.0322074618778711,0.1430954251243308,0.0268566095989865,0.0877094635832649,0.1108519924874455,42.3665433761276,0.5477158128863938,Positive
6,0.068951824134313,0.0649512257149747,0.1506257462611984,0.0714168841239471,0.1656858373447526,0.0457226212578446,0.0701770073816764,0.1939350812322037,0.0346066433860973,0.0938800516786627,0.0400470774843291,60.81338632781806,0.1808870336455179,0.0890849815529829,0.0869742107944675,0.117721986203311,0.0660178733248073,0.1148111487765259,0.0417977460787148,0.0815043648733824,0.1280238697848729,0.0471119998950494,0.0647785421318493,0.1621732765840361,4.906429483766083,0.2240286921009201,0.1667031305247376,0.0692150165029656,0.0993950735494572,0.1018992433942851,0.1318770985658306,0.0763626293802002,0.0754332660795148,0.1463496371246595,0.0249582849132014,0.0416027851639039,0.0662038348012433,62.725231147894505,0.6632003218484532,0.1154114121387961,0.1176077986510917,0.0347502944695392,0.1453698367937103,0.1246069971929957,0.0754649033412595,0.0662346936345326,0.0476499894496105,0.0609499830809876,0.0997025545229656,0.1122515367245106,109.8500778431124,0.759389265264991,Positive
7,0.1257001999899224,0.1382200599082184,0.0172396337679037,0.0974353121854182,0.149983687683344,0.0226606669802158,0.0702681323662256,0.0913983007471428,0.0656533666890505,0.1039374256269158,0.1175032140556423,56.864322840428486,0.1808503177902224,0.0631645760702215,0.0921079446210409,0.0626067543760118,0.1101776487337017,0.1348070098609379,0.0785038235809666,0.0874814060941145,0.1846681854666434,0.0875081932340331,0.0507331112551247,0.0482413467072035,6.963398054657158,0.2048113638647221,0.1154627209839265,0.0992448521766789,0.1021719542496639,0.0765656432829088,0.0990337314447051,0.1048901303181372,0.0930188617912758,0.0425908627101479,0.1016175636829942,0.0622554560184932,0.1031482233410679,47.087135570606335,0.751802558063293,0.1177047761955309,0.1229725062046785,0.0063571223133845,0.1711530962796517,0.026342611487744,0.0656377061304097,0.1086471732035507,0.1141103906984393,0.0784471035750216,0.1586782778773402,0.0299492360342483,92.61429409307864,0.918618780509068,Positive
8,0.02873730017333,0.0763883916499971,0.1386743507025362,0.1098133123838476,0.0633025267130413,0.0418998301253438,0.0209469927284735,0.1413241584340593,0.0850680881456381,0.0591537003516484,0.2346913485920843,8.010483257083516,0.2102760633555257,0.0593808554479852,0.0898374752003838,0.0755071721296555,0.1219394702538436,0.0507571837714745,0.0331124497436932,0.135750834663315,0.1481539382683424,0.0532172648368764,0.1140615926509871,0.1182817630334427,5.018933777494486,0.2624172981953694,0.1137317636618403,0.0554721160949671,0.0205459793498378,0.1297875319966226,0.0947650647684853,0.1026343560449879,0.1862081483774006,0.0309089356214238,0.0700984339326715,0.0665407616927745,0.1293069084589883,67.32758517065596,0.4842613182201914,0.0737677763941234,0.032990110995816,0.1745768905671364,0.087052422810312,0.0904963224756272,0.0861320712429579,0.0398676641471835,0.107154682925025,0.12745286156306,0.064901015802718,0.1156081810760403,12.306171034215978,0.5821258169412277,Positive
9,0.1709589504631952,0.0675336692218539,0.0333538998836451,0.1685447247856574,0.1246085993305145,0.0408573676787215,0.0710733576504286,0.1003854866975018,0.1027102883042704,0.0439457859168169,0.0760278700673941,64.9025447892405,0.1513936321434627,0.0815065635317589,0.1031788642663775,0.1962240528873707,0.0877689352573758,0.178488970161762,0.0557077960821401,0.0636951383129923,0.0919958853741649,0.0470874852782267,0.0769253254932351,0.0174209833545954,2.341710942913861,0.1543570272750107,0.1233924862097594,0.0673933229474216,0.1101629837083439,0.1233792574206723,0.0889395928343725,0.033105713254238,0.1101131325615338,0.1142736375084809,0.042456236486406,0.0873076766622846,0.0994759604064866,13.776793706764614,0.3631676976688141,0.1303134880428489,0.1469142914288574,0.044669551796,0.0805425702920982,0.18384388892277,0.0283768838071911,0.0525400005453164,0.1430334542432881,0.0612063879179149,0.1018163919943384,0.0267430910093762,39.55453656307365,0.4486960326453109,Positive
10,0.072140984191018,0.0313343295649785,0.1262325859376359,0.1277042635163443,0.2519212898508756,0.0467340785120597,0.0528443924803196,0.0992530412048972,0.0554157730338663,0.0383524466730988,0.0980668150349057,5.82714825071691,0.1025791907854675,0.0747723706426521,0.1574485321394023,0.0975181510507608,0.0639738191391359,0.1640975353244463,0.0625205003665994,0.0695207237548273,0.0755313305627307,0.065789250930285,0.1047079473210994,0.0641198387680604,1.4296871161650444,0.0854762920519464,0.1304596783269718,0.0922160987096104,0.0832828048754898,0.093634109314614,0.1022491876642171,0.0365186242006831,0.1129567583519295,0.1384115490912747,0.0479979229170937,0.1013774350200587,0.0608958315280567,122.77926577766452,0.3266358789983468,0.0872064632950334,0.0591448453554818,0.1058500794182115,0.0611408761275183,0.0845521681468961,0.0516483652654856,0.0738803457366893,0.120151351360131,0.0797375812129145,0.0922758507017997,0.1844120733798385,104.24273218106214,0.5066184254996848,Positive
11,0.0517340161735933,0.1491502424526797,0.0932854741450621,0.0557607388845539,0.1826263127617862,0.0247484404298971,0.044213883346514,0.1684686341778919,0.0336698123049106,0.1062213854001086,0.0901210599230021,33.92825897710101,0.2685842684847369,0.131507036270175,0.0515982659742313,0.1010816870271773,0.1473124240918821,0.1113853528518463,0.0636631117459527,0.0950605760049546,0.14437839755295,0.0419998970838422,0.0613328506781143,0.0506804007188737,6.277850855082537,0.2559223271481168,0.068334954756368,0.0960188510256205,0.1347806258753612,0.0715193453881886,0.1423521726670506,0.0934847183532572,0.0659782400691721,0.1547132633512007,0.0383828712484874,0.0965133194018776,0.0379216378634156,89.52571485800486,0.5731157883469652,0.0834815143340801,0.0805248841743489,0.0883327923924745,0.0554565478873761,0.10865470940106,0.0468981360999585,0.1032418340125944,0.1315569404464719,0.0430629797587858,0.0687375517515588,0.1900521097412905,127.53288017497636,0.8150406523588171,Positive
12,0.107028511072966,0.0827830772686594,0.0687322086582139,0.0581916038845981,0.2085717639336114,0.0260061873578343,0.0551747083602177,0.189831825881514,0.0343915571915125,0.1153446622757182,0.053943894115154,74.71890106095252,0.1958045846277201,0.1209288398012805,0.0177661200477296,0.1782918481814603,0.0526814148939284,0.1616464472240377,0.0782254549802886,0.1043077546440583,0.1007413319351254,0.0546984138424099,0.0105757653489622,0.1201366091007187,38.144910449422845,0.2870900139101308,0.0886420062501942,0.0538178374057988,0.055328879285125,0.1208705989777717,0.1335222281356321,0.0782711251084778,0.0903796085657693,0.1611188528094824,0.1112669561149121,0.0362386852749917,0.0705432220718442,31.26298553313425,0.6281094654176548,0.0954574289880671,0.1296963389410476,0.0447567527024651,0.0595955025444356,0.2540394093140634,0.0182362186658948,0.0697443393137961,0.2135644367474992,0.0299188306832877,0.0288120957609176,0.0561786463385253,153.24902047839456,1.1224580828062087,Positive
13,0.208297125335844,0.0726429064104308,0.0368603090163933,0.1712987499164201,0.0608723792515322,0.0477968051463151,0.1053589862876618,0.1188788147984729,0.0548541517468585,0.0735652691118758,0.0495745029781952,78.32276262631144,0.5681003578300495,0.117166473566042,0.0798182138284084,0.0239524430455508,0.0872876528249241,0.1303207259464411,0.0860350924499163,0.070790367849755,0.1542260003322333,0.0340284593213316,0.1297608198826513,0.0866137509527457,71.28309302140997,0.7678749423003794,0.1365636908548362,0.1259820405601128,0.0622359402779494,0.1549200833063324,0.027988536924667,0.0565776128299716,0.0565777475592901,0.058409668134945,0.0402031181002155,0.0849422128960523,0.1955993485556274,173.59740060397908,1.5277890510985703,0.1078359686702112,0.0914590071881464,0.0832656156416526,0.0417213314431708,0.2020602030050187,0.0299627815413587,0.0974186997509305,0.0687042311944368,0.0693627920165106,0.0920238041558431,0.1161855653927202,168.24402090663224,2.006123331656565,Positive
14,0.0390352162791067,0.0998045781954507,0.2109166496454144,0.0321653337187591,0.0714418463472204,0.056290705368833,0.1112573983080163,0.203332231439068,0.0670640833726076,0.080766798656633,0.0279251586688903,124.56644491940774,0.6962464384957107,0.1745760276652311,0.077272404022966,0.0146614581252472,0.0753625643954643,0.1154731297513642,0.0427103480100688,0.0605004466080771,0.0767166546998036,0.0942482112242024,0.0752404101548444,0.1932383453427305,158.79243197403196,0.9287297569153128,0.1713337883687417,0.1223840800360054,0.0623970939485163,0.1246058696566443,0.1071078866291343,0.1215435557913986,0.0521941286019621,0.0490063423826591,0.0517093874782948,0.0757984490321315,0.0619194180745114,110.3071578742988,1.0914568588693818,0.0993128033915065,0.081274728470797,0.1350282872507918,0.0607188244546637,0.0835000986033426,0.0293518136553812,0.0989189513232049,0.2034092492611661,0.0420084089480911,0.0824023145572915,0.084074520083763,152.60723145270455,1.78884590894155,Positive
15,0.068786147854303,0.0938983413704249,0.1303903381408657,0.0986730584092551,0.1830592132618402,0.0396130758474099,0.0877950978201038,0.1821707952340961,0.0527733984900189,0.0188504834735665,0.0439900500981152,4.7411919889423935,0.2820290481906355,0.0806979700966069,0.1418899595918649,0.0855600464189024,0.1349198917234829,0.103171370313969,0.0229698019627703,0.0445209087653028,0.1212651036200901,0.046753459878767,0.0853678575408576,0.1328836300873857,4.193944821664637,0.3318208464183307,0.0824769392840166,0.1146736689779758,0.0241969045535318,0.0775160726716471,0.0878717879445034,0.0643788661937711,0.1407762240110841,0.1943460488305987,0.1159633017995369,0.0251224502766529,0.0726777354566814,146.03770651654008,0.5332534900319309,0.0959989744207237,0.057215153247744,0.0637195580529806,0.1610500785971093,0.202555993790784,0.0329734779704146,0.0182889542184013,0.1811990701642349,0.0324243588750592,0.0821563028391055,0.0724180778234425,118.28914143571689,0.8398555943400359,Positive
16,0.0924877224177676,0.0944426281514166,0.1132951733030869,0.1237829211324263,0.1003917320857276,0.0279602491606816,0.0677568078795075,0.1773582342004184,0.0601427054561791,0.0708976077612656,0.0714842184515224,47.05425392654504,0.3326477612363674,0.1504308688724639,0.0691102969363058,0.0191553947046228,0.0353723815572969,0.183653768623476,0.0940116372863595,0.0902514301714426,0.1557758728828282,0.0729897596041228,0.0448957602534597,0.0843528291076213,100.88423014266957,0.3166593698538729,0.0682834034833906,0.0660548255876426,0.034121761944769,0.0665259762694928,0.1264497079053469,0.0776299209793403,0.1303311616792596,0.1767489792389468,0.0324431959497522,0.0754491328697957,0.145961934092263,45.74779579539098,0.61217498155674,0.1180029252798477,0.061597157092232,0.1049954628626045,0.0832319584081212,0.082661015392051,0.0320191920375112,0.1774565366755923,0.1910042082167822,0.0277067936794125,0.0456926897842135,0.0756320605716315,134.88666726353964,0.672766059042857,Positive
17,0.0405358905185479,0.1054205015956829,0.1357785480358666,0.111241969142781,0.1022669085607263,0.0468688370217769,0.0843671987357607,0.1485780693429926,0.0916805692031072,0.0558336045612501,0.0774279032815074,4.129946633080393,0.2354063294050918,0.1333753544407719,0.0937519747994402,0.0714099081484019,0.1280212662876601,0.0848128439753409,0.0506971092464945,0.0939012908334316,0.1660849545252389,0.0618115707705038,0.0666763509804311,0.0494573759922846,16.27819098530652,0.2196784411571014,0.0670129045794421,0.1069519704539873,0.0351503882093458,0.096502454371432,0.0441992201217982,0.0308064340146819,0.1240021404710864,0.1101383865809604,0.0803519797871754,0.1133280809696725,0.1915560404404176,104.61623707340664,0.4664809931233547,0.1152564615326989,0.0791003136728267,0.0072158265399418,0.0640444301116895,0.167727342408903,0.0556578159107033,0.1445764444983575,0.1723247954333508,0.0288707965015468,0.0855625712587443,0.0796632021312369,152.44538996697906,0.599110994742314,Positive
18,0.1068102790151002,0.0905013786260131,0.0730468241035538,0.0792464291494572,0.0140916240654048,0.0721135103648375,0.1060170022049154,0.2547536556549477,0.0593176889309751,0.1366738781143971,0.0074277297703976,99.22449548616368,0.20962257328986,0.0728961692839699,0.0617086649529852,0.1072873250319247,0.0921663217017788,0.0461436159830167,0.1270848005304619,0.1086274696610466,0.1379915136721468,0.0534123941544997,0.0729626463695738,0.1197190786585955,23.26364100014179,0.2275854531550091,0.065857545469384,0.0900435777070023,0.1706138082886369,0.0870465809656592,0.1300089379918496,0.0824568220283813,0.0808451680298332,0.0085369723648346,0.0724203911065086,0.0958353720421507,0.1163348240057592,8.131605243733171,0.4651880128527838,0.0935773675208731,0.0549332488778895,0.094494865266508,0.1411555285710007,0.1488926914741017,0.0638788178418237,0.0768355621841065,0.0910782046513781,0.0220914117226244,0.080885778851843,0.132176523037851,53.26566008638898,0.67259764569891,Positive
19,0.074630225138291,0.0709830273867895,0.1140224672056029,0.0778559025607888,0.0997968584398643,0.077931294158176,0.0790621107756767,0.1137206910741631,0.0512709225670765,0.0772369365455837,0.163489564147987,1.5616354207865557,0.0978054234767306,0.0457345104941923,0.095311193031001,0.0771233491460837,0.0537712065227695,0.1868584361810356,0.026350722238169,0.0560193680131999,0.2457093637349875,0.0521079158998011,0.0722306302433103,0.0887833044954497,2.585336162845465,0.1078327978418291,0.0757391585052357,0.0824092568637674,0.0543396247923187,0.0846441725115837,0.1351166055946406,0.0733204141978233,0.077525764553507,0.1322323707269054,0.0736671645788857,0.1077668907727129,0.1032385769026193,8.147651672332143,0.5533600371723839,0.095433009614909,0.0726474836760283,0.0265047491939745,0.105273370973175,0.0634714833833155,0.0511726699105543,0.1086456055605139,0.231567605384569,0.0518106832307906,0.0613490123027734,0.1321243267693959,21.925131422117172,0.8146581229939841,Positive
20,0.0491070157543678,0.1126230723499518,0.1013526180760566,0.0756274235847732,0.138331320251134,0.1033153858897692,0.0506490744743542,0.1077107795457711,0.0355143008905658,0.1454215883950424,0.0803474207882136,5.338148541366,0.2231540881447984,0.0833819195564314,0.0358883452110659,0.0869403340402926,0.0705860527423101,0.0497240907726917,0.0919916334420854,0.1058461855431417,0.1872481967865596,0.1172564255752989,0.0527493653623561,0.118387450967766,29.75000054865889,0.3000260559755887,0.1027871582565908,0.100417849885631,0.0638903976775618,0.1112687839977015,0.0809904905908369,0.0653458540577223,0.1066213036542954,0.1227237996966499,0.0749615489307913,0.0596311666717803,0.1113616465804383,67.0082412061285,0.5906100135346833,0.1378491204571892,0.0838630956229054,0.0639278269065607,0.209762901976233,0.1068920708097218,0.0445579729306607,0.0473892696320413,0.0847420671361742,0.0483744645294211,0.0476126380296227,0.1250285719694694,161.43614660248923,0.9604142067340572,Positive
21,0.2522329598606212,0.0816242082502398,0.0270346820385943,0.1742989227867194,0.0579928106358862,0.0239218380710258,0.0513081144606214,0.0637306753950685,0.0697709801553657,0.0680021792276725,0.1300826291181848,96.05789813961242,0.1984478683028354,0.1577342068834548,0.0576753006452306,0.1028627967367568,0.1727164239653637,0.0703168743415269,0.029960912008022,0.1482177574908306,0.0783858550147094,0.0610925109663836,0.0486332941585885,0.0724040677891328,61.25827781502278,0.1720296044575599,0.1563652559089303,0.0732683243037308,0.0592531602970597,0.0864123387644223,0.0710877858675231,0.0488998792066853,0.1408619276091476,0.0937965284873084,0.0610763735617629,0.1017355984078385,0.1072428275855907,6.369749502213654,0.3503132683335757,0.1010117987615881,0.0990626346998619,0.0433858597395961,0.0887337196156661,0.1729005330652071,0.0021944303926395,0.04634969891399,0.1418649219742801,0.0930433329733274,0.0705961599994733,0.1408569098643701,93.54411375230896,0.5471049426494003,Positive
22,0.0871650027254699,0.0830802245114024,0.1600882756649379,0.1003754436768168,0.0471220507481316,0.1016555786408946,0.087477370456119,0.0798336050908688,0.0382138364630099,0.1007316475023057,0.1142569645200429,4.354754234083779,0.2943091626007107,0.1190790777376128,0.0908970490650517,0.0958437202436715,0.062216437035782,0.1787606296624443,0.073203498214941,0.0930098198021194,0.0270870814218586,0.0558902116445382,0.1420116620115497,0.0620008131604304,29.17940274260092,0.3277280486150554,0.0743262967657803,0.1030675310244568,0.1134032507421228,0.0489070605765508,0.106766923736331,0.0687657031831855,0.0797849426097914,0.0918341332336477,0.0494887898005788,0.0768979975585384,0.1867573707690161,114.38639305200736,0.514208234308152,0.0888089555495322,0.107969675677043,0.0119889602896638,0.1278791990970017,0.0923167820176791,0.0539876124071172,0.0812585779097039,0.1466182505736219,0.0502642018804875,0.100660500178769,0.13824728441938,122.03609251113494,0.9674432696519988,Positive
23,0.0825577474264712,0.1113033770490927,0.1347622848381817,0.0774799814470788,0.1408539792651065,0.0308526337873674,0.0682716265446185,0.0978364924627113,0.0777401535756567,0.1253481906832172,0.0529935329204975,2.6600190855411743,0.1362819641150181,0.0440126800054528,0.0981578545657067,0.1497524147534231,0.0757571275696635,0.0961266281905889,0.100485918441235,0.0780835178245949,0.1313484782169966,0.0776872116534097,0.0831152302955047,0.0654729384834237,3.201487201239137,0.1833746892377386,0.1326187815241376,0.0876086041159478,0.0190879681751846,0.1011656184222796,0.1780943209544012,0.0617363707866539,0.1129655102488848,0.1089016879473554,0.0352639393536893,0.0744491221560573,0.088108076315408,43.537992318949385,0.645228441629855,0.1007515998043053,0.1017844420647383,0.1961439309468844,0.1379332982488301,0.0341044431916089,0.0598396293332399,0.0976588250994793,0.0925763540096085,0.017588762686665,0.050918688481885,0.1107000261327549,19.454000670728263,0.4697380322474336,Positive
24,0.1544982299454935,0.1210902296916798,0.0602134478444344,0.0848160013238442,0.0982549780276906,0.0533445217480129,0.1082130516562075,0.0811270180330445,0.0397811905460892,0.1057096720859575,0.0929516590975455,5.789677012474271,0.2543982957643078,0.1218564258523429,0.1004416946758822,0.1080440710614783,0.0549928855268582,0.0858109914671152,0.0169325326818628,0.1357556767674115,0.1084730973447426,0.0887308631417805,0.0815216359392089,0.0974401255413165,20.570265410080957,0.3292641153731609,0.1619899525648367,0.0619621673183742,0.0412548611636613,0.0875141263606618,0.0975205911424948,0.0686005674223948,0.1342595588055933,0.1275500424997312,0.068903754265735,0.0527454523829803,0.0976989260735362,92.3846198828044,0.5528147589418378,0.1056322867513224,0.1434168015149454,0.0677343052202006,0.1455962576989619,0.0162770395527161,0.0530528768236162,0.0884572867177228,0.1146334359163483,0.0670729217156188,0.0335221697678055,0.1646046183207413,140.08863969351975,0.6786662681480565,Positive
25,0.0891423365381422,0.1066537830373836,0.089434046645393,0.0597271348232002,0.1082711510733943,0.1239614065473475,0.0817008023244167,0.1394937556208279,0.0642527570891654,0.0971528013706542,0.0402100249300746,4.286709490435647,0.2800488902154376,0.1118800643195129,0.0990384758945272,0.1626552548629763,0.0940849366972862,0.069277196643383,0.0676343038028793,0.0676687214270632,0.0953104282549317,0.0777338575029056,0.0758262099159277,0.0788905506786066,2.172054353249605,0.4146620420333529,0.1419505082484213,0.0947286268759141,0.1087474104620252,0.0635189964812307,0.181577475298811,0.0748574935000688,0.0247346717411247,0.1039207588941796,0.0598234707689392,0.0793429067164643,0.0667976810128206,98.7047126585744,0.7546205131200688,0.0763886997549522,0.1620383579036986,0.0705837742315877,0.0769205298468806,0.1525915949849867,0.0710879049152682,0.0671185405990966,0.1060610904746538,0.0680907724468714,0.0946456191262939,0.0544731157157098,37.064496085092856,0.7672266559087011,Positive
26,0.1514438415849654,0.0417422434274873,0.0822246699754881,0.1078357860869122,0.1120947997191997,0.0974070297473302,0.121434250465442,0.106998773065882,0.0562595741154361,0.0837228220670729,0.0388362097447836,1.8650628952428423,0.1256574911764281,0.0560398499985592,0.0551455697456272,0.0957941627008367,0.0733311139647991,0.1653957969534646,0.0528826198907236,0.0781762858937183,0.2151538158877251,0.0369822058313607,0.065550816661424,0.105547762471761,1.4739010670956798,0.1296835926400719,0.1207375185395958,0.0760168590321598,0.0791900925561815,0.1003015425807611,0.0589076863325172,0.1028311580716945,0.0909570337127165,0.0489329445737275,0.1177617655523282,0.1388997627844506,0.0654636362638669,60.72441444330433,0.4851404255779625,0.0834857231808727,0.0444951746855483,0.0830851676210992,0.1286359049791798,0.1640922978047925,0.0513227066201795,0.0573697026565805,0.1343409214230169,0.0505452679030808,0.0886990831878034,0.113928049937846,8.161992475458703,0.5871401948901457,Positive
27,0.050454050925036,0.0940862711097116,0.0433023516374042,0.1531959572462215,0.0719895863312932,0.06705385445531,0.0959843134380459,0.1359467899010611,0.0793742747628672,0.0763675205374734,0.1322450296555752,1.7932978536380884,0.1646178271260341,0.149264249882035,0.0437663566879636,0.130572494935103,0.0782318797807253,0.1683980596083165,0.0508963817158601,0.1064079762286108,0.1004388303045619,0.041211831809333,0.0948974651065909,0.0359144739408995,1.2538057734799033,0.1848323108874318,0.0825143033736651,0.100037875714129,0.020908022154192,0.1783590532859515,0.1783545949735327,0.0637390557804097,0.0177050553231342,0.1976548865086654,0.0542886094403604,0.0388768507659826,0.0675616926799768,144.33023852120505,0.4185229477295424,0.1308435584447066,0.1284877247979497,0.0363155413805178,0.0538843176756253,0.1771598176824589,0.0780493312228915,0.0612196905548568,0.1589592146507292,0.0693355706303774,0.0711421776926597,0.0346030552672266,52.99249713949138,0.6107142660288241,Positive
28,0.0975392906122138,0.1155917257251857,0.059975682424067,0.0802793090843462,0.1243233846874306,0.0651549653873068,0.0768496054125577,0.1726293868196352,0.0899076984285147,0.1031844192878744,0.0145645321308673,6.285250531151211,0.4070258399952247,0.0869447747230356,0.1105638096942331,0.0745512384417108,0.0530628835318342,0.1631338691814976,0.0345014228994858,0.073965605397325,0.1836776605670911,0.0287698388217174,0.0781257656932311,0.1127031310488378,93.47840874822067,0.4581626058587919,0.1291474177829315,0.0669807238209276,0.0947689891580817,0.1546301672643483,0.1034466293052343,0.0752530754991371,0.0776556698879394,0.1027328667206583,0.0299035194870707,0.0714881703947272,0.0939927706789436,89.75887847318494,0.8022573295223433,0.1070199245695898,0.0428868500589406,0.0871068597979402,0.0767077349261809,0.2379534212226875,0.0093071059201214,0.055309556757624,0.0788272949504351,0.0766323364259332,0.0565603783293052,0.1716885370412416,69.86166095805743,1.3119827229139978,Positive
29,0.0781681821984933,0.0410496995677725,0.1393735824572424,0.0898078298462555,0.2305578776247874,0.067552924627965,0.0994427282773504,0.1237842345262086,0.0354417065212014,0.0240321661471258,0.0707890682055972,1.798869757486325,0.1548441232716395,0.0824176681817347,0.0662633326270433,0.0851041791162222,0.0784538712651231,0.1753547230698554,0.0383952604705338,0.1187389109037217,0.1395803004026538,0.0662776283688836,0.0883089547044369,0.061105170889791,2.4078846550074458,0.168551722332819,0.0987714833999942,0.089107548662833,0.1064579848063752,0.1065866126280836,0.0847556242837008,0.0807126196556904,0.10176563543032,0.0983154742021786,0.0362000678579846,0.0524588859178672,0.1448680631549719,50.72347394686103,0.4830711944105696,0.1142503180111733,0.1001434000858179,0.0594732912891281,0.1128881408204989,0.1402875837231048,0.0491287318995548,0.1284908272774121,0.059064966587491,0.0268907966872447,0.0878073521979739,0.1215745914206001,8.976524045765695,0.6785918360540507,Positive
30,0.0717250533917287,0.0705001382087131,0.1236265598011895,0.1779068657577518,0.0297319211777526,0.0849801121462053,0.1385675382337133,0.0526071010689502,0.072300264581566,0.0876687198156547,0.0903857258167742,3.958074545164597,0.3985399412287043,0.1710440032049129,0.0526054321956755,0.1653705479415143,0.1199046759536038,0.1140923910986764,0.0512803261540451,0.0995842080911121,0.0785325096735922,0.004223726263377,0.0669999346590287,0.0763622447644617,6.545722815116342,0.4892087414254809,0.0892140603662917,0.0417598322407198,0.076858683441738,0.1373930955627335,0.1454160951091589,0.0743690290781011,0.0817989490296813,0.1427975020692697,0.0429844449928955,0.0900861575572817,0.0773221505521285,12.46300533948228,0.7323003841672614,0.0961598714614447,0.0624530676980256,0.0672966987660682,0.0913868026843134,0.1237105795207651,0.079556699332889,0.0702508999160382,0.1585345210943737,0.0378989744429256,0.098204515345721,0.1145473697374351,37.79760884979716,1.065592402211686,Positive
31,0.1132933619580301,0.0389818722035795,0.1312930979435347,0.054231241540499,0.1437808513890356,0.0816531516719455,0.1191021616638267,0.0721558006637508,0.0627827520788652,0.0768573426332706,0.1058683662536619,2.5970355618164493,0.1148845194823429,0.0704706083441271,0.0432090843776508,0.0914881854088198,0.0806003631684976,0.0993871037064438,0.0501286997908156,0.0957023594776208,0.1304778241187948,0.089655181558967,0.1161484357721647,0.1327321542760977,3.6477393599419887,0.1609079251696562,0.0591425100450532,0.0970147345779928,0.0959371538607005,0.0468045913519604,0.1261236894259212,0.0626320002812978,0.0768797405178367,0.1261190937148346,0.1348223925704066,0.0510744930996762,0.1234496005543196,39.49410849343537,0.3930457966840462,0.0680927214775226,0.0595903298142429,0.1165337538813605,0.1048414316483276,0.2096294906749701,0.0872232964746557,0.100093081130933,0.0742884554355239,0.0409455600477934,0.0435023199890031,0.0952595594256667,23.47555476996017,0.55811030783097,Positive
32,0.0449594392023648,0.0762469178254553,0.1059658197646131,0.0612674340696734,0.1860653762152357,0.0202733722573676,0.1568120508889735,0.1706437259123482,0.0173514487697971,0.0796759945502139,0.080738420543957,15.749869254962595,0.4360125747879613,0.0648717341083316,0.1073962715123073,0.1086957741934253,0.074385394916112,0.0545218994803398,0.1171641949470074,0.1341934145957252,0.049686287206391,0.1201468382566781,0.0551814958947602,0.1137566948889215,32.14134747427352,0.4626240734909995,0.1018600971010652,0.0664752453485005,0.1283529110947313,0.1589937776939687,0.0481463038665207,0.046710825857444,0.0967075600172623,0.0795933445245384,0.0882314855252512,0.0837268716051742,0.101201577365543,104.50952810372588,0.773067114789491,0.0540528431924199,0.0639014532605995,0.0637062159046046,0.1137113752579564,0.157387328444065,0.0502282851274761,0.0282828794781418,0.1560545318411572,0.0528672058362531,0.0679627571071402,0.1918451245501857,161.89231502577886,1.6719835062710369,Positive
33,0.1939218335625626,0.0631479073742217,0.0970447448574666,0.1197328806737494,0.213994336404449,0.0214002853396777,0.0888225102044207,0.0904180538013598,0.038960805155492,0.0482570651789933,0.0242995774476068,73.74307010473863,0.1858531795818307,0.1250372320572337,0.1187292143095185,0.0458671276770714,0.1179019740967498,0.112053236177817,0.039585975118565,0.0784246175229578,0.1633371569840683,0.0464364856256066,0.0414860720986642,0.1111409083317472,58.00465170415808,0.2495302568683282,0.1571811318080869,0.09137633957071,0.0534523424002058,0.0993645490183153,0.1535663021340534,0.068526815721566,0.1190446658209483,0.1200445430015563,0.0027642768362322,0.0810059240765706,0.0536731096117549,105.10598758396236,0.5291815876332261,0.1476431936642496,0.1146073084688276,0.0027396811879197,0.0749483304431941,0.0750202174615504,0.1111619266254904,0.1097845551069214,0.1215962974663681,0.0446396910039,0.0821269832059264,0.1157318153656518,135.0107569518492,0.7694085181175314,Negative
34,0.1773090843491819,0.1055600121548693,0.0259341450925766,0.0890576672725754,0.0832432591628011,0.0729807923291572,0.0182018997505917,0.1631042324591052,0.0579501636115367,0.1795455518527097,0.0271131919648946,100.6379632984084,0.2346834143102853,0.0588354974431275,0.125124351470036,0.0906911953227554,0.1351096306468748,0.1486587454894872,0.0545362349975993,0.0397529343574752,0.0964292151213169,0.0721247210106942,0.0621454583618343,0.1165920157787987,35.912809940522216,0.2002831846022315,0.1277638605839269,0.0728150687365773,0.0162741957249141,0.1047253347539565,0.1610284865245774,0.055791589557286,0.1457515718701018,0.1104518762763063,0.0270856711477951,0.0511509777739467,0.1271613670506115,133.28353049555827,0.4493505657302343,0.0883449697287414,0.1226875815998035,0.0309150123804884,0.1002072715185064,0.0358772447203515,0.0394331756017149,0.1237920261682751,0.1034923920440938,0.0898688930558207,0.0858020767683988,0.1795793564138049,148.38363712103236,0.5767395653627245,Negative
35,0.1154388956620181,0.0838260772855571,0.1179641286406891,0.1580019480787746,0.1327295333101786,0.0532849018001479,0.063318243862791,0.066110225384485,0.054237740004238,0.0282843497176882,0.126803956253432,30.77985151626413,0.3281286810823321,0.1341805404414389,0.0337726382483587,0.1761143940477163,0.0991538464460268,0.1538409555724735,0.0588122380809958,0.0631972528042051,0.1691248933475237,0.0439908830760109,0.0429671401891894,0.0248452177460605,60.97095193066584,0.3978460575948007,0.0818984958231245,0.0653282165736728,0.1272146751407401,0.0194422384634759,0.1605385414562653,0.0118912248776269,0.0723083672088231,0.208417324461252,0.023792104503684,0.1058825470579694,0.1232862644333653,146.32022003690517,0.6608270215434033,0.0762075919007145,0.1494989910341927,0.1130199453268847,0.0942849375452157,0.124284379568009,0.0413264113038716,0.1078877630843306,0.0451803497664419,0.0897369800567774,0.0621531450576204,0.096419505355941,45.65827045368682,0.8106282700899917,Negative
36,0.0732396592357361,0.0462664250103881,0.1015424463867191,0.1027564346319725,0.1570334015583593,0.0507615771876385,0.071331473508298,0.2575271130991252,0.0157485223700557,0.0828210764006433,0.0409718706110639,3.548001676122837,0.1597259780780968,0.0800128348724921,0.1030289144621428,0.080548450707602,0.1069791132067332,0.079096120216435,0.0813912931441082,0.1478924170840295,0.1216144931826325,0.0348375923880995,0.0600652134935633,0.1045335572421615,6.082282905266748,0.1892772801344877,0.1047657804100284,0.0774041447099953,0.05476520568621,0.0809509765274357,0.1751139446883772,0.0288134532656075,0.0698234714952804,0.206258944923651,0.0591041643032017,0.0430344176930525,0.0999654962971599,57.88176156770327,0.4968768132406255,0.0863341118410018,0.0334705887498136,0.1332705343366478,0.1137331771749517,0.0347177343639834,0.1804501358314219,0.1094775420247415,0.1095193408557913,0.0693839947128315,0.0228387558578427,0.1068040842509723,125.50228661711752,0.8918840954321091,Negative
37,0.0990419820445895,0.0562804497155553,0.1616225934488974,0.0945521707868806,0.1416716345991694,0.1312743365503875,0.0770362473407979,0.1054123654899421,0.0171670777826864,0.0587087104685122,0.0572324317725812,2.279783857450421,0.2906207518374831,0.1097657104910234,0.0595622510206864,0.1390807517126502,0.1275269098536667,0.0799387758514685,0.0481119622876452,0.1233452593221056,0.1208412828100123,0.0526876179512612,0.0466189448175943,0.0925205338818857,2.536691950421255,0.3200652826683982,0.1124851744360703,0.0585343836828766,0.2125890225863609,0.1264954920544584,0.0688571568817864,0.0848332277412014,0.0593057071077318,0.0508873183882966,0.0918983831839516,0.0541544327733011,0.0799597011639643,22.63474167202661,0.5264008315361454,0.06368841971874,0.11814534364819,0.0706056054844064,0.0895626774865921,0.0808527906134153,0.0263306669761411,0.0651673658706018,0.1267386918655175,0.060703404498695,0.137986783367025,0.1602182504706754,117.10772809380268,0.8545048313481606,Negative
39,0.0804467310145471,0.0671003823828205,0.1708851503255215,0.1375378938448511,0.1638031265431886,0.0506675611913297,0.0824476522005145,0.1267535781016588,0.0207585529842373,0.0360457584144614,0.0635536129968692,5.482693811745034,0.3165227923335043,0.1058540837977139,0.0288140220644219,0.1172763015777236,0.1347783241311751,0.1265502885842569,0.0579706885844282,0.1047783297659833,0.1574785630931531,0.0517859842916383,0.0348770319878685,0.0798363821216368,4.57278244540433,0.4462145364751329,0.1007562224367205,0.0899908772406417,0.0578423206442093,0.0596353085984679,0.0838024089654208,0.0441131013814066,0.0875011146228105,0.191080762335909,0.0112110515319786,0.12035293445923,0.1537138977832044,30.407031748729334,0.4852417220967627,0.0760812618958048,0.0803521098297069,0.1340925356771545,0.0305908379561136,0.0852840322021395,0.0611375704498903,0.1465913626669345,0.1360249662523352,0.0296109162844023,0.0808287131009137,0.1394056936846043,58.77133277016829,0.6952736801545004,Negative
40,0.1103431171991869,0.0828518282456562,0.07838371482373,0.0760858202637023,0.1467584739244394,0.0765613929495154,0.0687482485893094,0.1334700785124659,0.0773440402718239,0.0087832813392014,0.1406700038809687,43.60694746425156,0.1758684171058605,0.0627812360174573,0.130836067922235,0.0402501515079715,0.0714968774316876,0.0795923060425324,0.0640794351737878,0.1306442902711006,0.1755626368316095,0.0326126692636708,0.0928988437410794,0.1192454857968675,22.02845411014447,0.2514021046018824,0.2027317895425312,0.1084747431857291,0.0531826625619286,0.1454145607325614,0.1352360797937092,0.0185565402504171,0.0747642771495763,0.0948239633091785,0.028502019306934,0.0997469298357014,0.0385664343317326,19.777580599404725,0.6437785848358537,0.1847502437331714,0.0779852493990468,0.0529274453370041,0.1905118053772589,0.0816338782632427,0.052262730924133,0.0871174879887532,0.0274159690652496,0.0661221998522185,0.0880437771252051,0.0912292129347163,75.88464070874467,1.071162802435588,Negative
41,0.0929677439992873,0.0624635014272612,0.1126148761118057,0.0849825091705394,0.1219784925277019,0.0850567636157361,0.0764696802747951,0.1147941655307355,0.0812531092908851,0.0576394023941711,0.1097797556570812,17.17481714693727,0.1838506659280666,0.1286481503290219,0.0873222246347876,0.0816334548345679,0.0750020876487373,0.159057721353917,0.0252718808443194,0.0789512145913082,0.1820782739940414,0.0135006580945339,0.1026876183047542,0.0658467153700106,82.31307133921656,0.2783985552346829,0.0870671803407177,0.0634206390177449,0.1108383968028525,0.0227863082114838,0.146028328145057,0.1112026995709304,0.0498596843318508,0.1607730268271199,0.0916970811772916,0.1154469327913672,0.0408797227835836,141.0374614713356,0.8165147989063719,0.1517790524586172,0.0988332482483702,0.0475844672242823,0.1365489244378081,0.131804906240211,0.0322851593317895,0.0712093224628924,0.0431332876629075,0.061295554696667,0.0751682250384577,0.1503578521979966,122.61739356280214,1.1793156564760972,Negative
43,0.0870838634325729,0.0479569057919545,0.1101839951348996,0.1916205028882952,0.059916895961035,0.0780149683428265,0.0716042136580526,0.09549747917919,0.09296616570394,0.0511031271287022,0.114051882778531,1.2947053914741031,0.1955754646861749,0.0887144460714901,0.0851483964485764,0.1335421786014861,0.0866019831142208,0.0953312112193797,0.0380399609407017,0.040198006080168,0.2284581845899619,0.0382371098209079,0.098490094152801,0.0672384289603059,1.003934956642673,0.1305586168039859,0.1030558478752314,0.0864558928221976,0.0152679070598015,0.0704826010374238,0.2021648289690126,0.0435712957602167,0.1315086386799363,0.1142006348041603,0.095333346830004,0.0557000696442507,0.0822589365177644,77.07378955877392,0.7189833719318154,0.1315931553729088,0.1066356179141511,0.0908338261899532,0.1032101216210962,0.1237700077076806,0.0775425496946058,0.0707777820472482,0.0903996993404748,0.0538868707947662,0.0557297043660186,0.095620664951096,65.4069909528747,0.8934191160001418,Negative
53,0.0906091251195901,0.095614982540805,0.0806020087057397,0.069956652666607,0.1395435099773532,0.037986969927237,0.1018891992187887,0.1527541675544696,0.0660512424025684,0.0783016337536462,0.0866905081331948,5.237685057444584,0.2540990563766902,0.0766435621359055,0.1054135983352882,0.070295163153531,0.106059535909085,0.16871137809962,0.0885982294835703,0.0656475428732946,0.1289122899896164,0.0309808204563866,0.1038287710752992,0.0549091084884028,3.877237893683912,0.3425478507274946,0.1504888970601724,0.1248021309570344,0.0583782873872698,0.0941663764440683,0.0449621666850556,0.0525407763227897,0.1177709568332165,0.1143574948982499,0.0349175280288129,0.1276617382175188,0.0799536471658112,106.2668301570414,0.7046632310537465,0.0524495613570712,0.086127552433662,0.1583298677045482,0.0156457043927832,0.1766797189719969,0.0593009383143053,0.0858319438093836,0.1590545722707852,0.05521232978612,0.0774554917163563,0.0739123192429877,60.42678603101954,0.7661579665739544,Negative
60,0.0905449572653308,0.0950346549682773,0.1329431819063667,0.1066105626000543,0.0830178026137193,0.1113674603989978,0.0784122401139319,0.0877054402760405,0.0260496388798677,0.1112249012997499,0.0770891596776632,13.672421641641767,0.2411192600592135,0.1032359630454076,0.0673616199158329,0.1215133127251913,0.0793941188260518,0.1076990538141978,0.0626143544196402,0.0341863501812933,0.1681053942708481,0.1124234564297759,0.0591707242340377,0.0842956521377229,45.818794498063006,0.2375732566990217,0.1392268649931371,0.0965934707071451,0.0355956001319725,0.0833518865010555,0.1203255554460352,0.0785155869362512,0.0581369405276708,0.0980073563529745,0.0987195649221817,0.0166117046644411,0.1749154688171349,48.28549682055678,0.5616203091634836,0.0,0.0,0.0,0.0,0.0,0.0,0.0,0.0,0.0,0.0,0.0,0.0,0.0,Negative
61,0.0919979582337293,0.0732149795813609,0.151477136017486,0.0872382726307098,0.1394732306993621,0.0527691993191804,0.1243121115393994,0.0695525345810956,0.0516339610296744,0.0850783116211876,0.0732523047468139,3.893399005121575,0.1592841435595695,0.0888761166763503,0.1405721836469469,0.1131744295150134,0.0986433292368841,0.0342939475247411,0.049573381474317,0.0313936740081655,0.227151962041318,0.1107128525302659,0.0230714418042162,0.0825366815417811,5.298206222169853,0.1956270021726238,0.1568971978843397,0.0393703472403275,0.0755503822354167,0.1591876985690901,0.0840106472553272,0.0440924719917806,0.154918538384942,0.0299021838229492,0.0442289584554916,0.0346422583180617,0.1771993158422733,104.72646833912404,0.5148503084511086,0.160636960386662,0.1353638157901676,0.0505264797772285,0.125043555916457,0.1007208642060372,0.0392205476587301,0.0384064447862329,0.0968694380013331,0.0519003198498103,0.0495446233536329,0.1517669502737081,103.9431892858986,0.6428329001090924,Negative
62,0.1909503476706185,0.0984333287073121,0.0577323965900979,0.1136700375442691,0.0744921112540399,0.0338821045595821,0.051780689351509,0.2029834563378786,0.1003849028596207,0.0121525605284738,0.0635380645965979,26.111200822102223,0.2922008065263915,0.0915546200415725,0.0951802505353803,0.0709281617995362,0.0734186671329543,0.1266475045460763,0.0505804151859134,0.089178327794576,0.20703695133031,0.0547168583741799,0.0493778684109788,0.091380374848522,58.864229014342776,0.3531906250230027,0.0865838529398116,0.0690948383710547,0.0857942877443752,0.0848354706291744,0.1235767270563085,0.0510897989849167,0.0683594075766653,0.1562580113450767,0.0518165762948585,0.0239229450143261,0.1986680840434318,157.1030545595569,0.96899668825012,0.043896937993834,0.1305112576105496,0.0827592101968933,0.1117944871971,0.16246871374435,0.0209113704453406,0.0771373832006574,0.1277990390149012,0.0542274220561927,0.071770727245986,0.1167234512941948,88.64923101711207,1.0908160381886969,Negative
66,0.0587940011288833,0.1398240763751207,0.0482713366829695,0.0622441518502226,0.196994255866812,0.02551851800292,0.0732386867966531,0.153390590532214,0.0186674629673424,0.1460222776941503,0.0770346421027118,65.22347291806413,0.2309742593546183,0.1195063298123284,0.0443544633620053,0.1488486073935227,0.1306399605223807,0.070191514349362,0.0855956678998393,0.1108588830048448,0.1574370368107638,0.0302600925967093,0.0293532410113607,0.0729542032368825,18.27360416422384,0.2343694646191881,0.1065034384532284,0.0726464039129766,0.1284471357211118,0.1499206270564215,0.19538325717843,0.0843692387391235,0.0629842965589307,0.0703167049711694,0.0184584122243874,0.0421265681114118,0.0688439170728086,50.15690059394165,0.5843740547026328,0.1754093561666234,0.1317226188898278,0.0086209599062228,0.1453150196496221,0.1366891993009784,0.0483853156306017,0.1202515625109262,0.0886107798427305,0.0219627281647734,0.0948134383604847,0.0282190215772085,127.8548354528074,0.8571113531523125,Negative
69,0.0827015423697369,0.0433260682068406,0.1169988770638841,0.0923996360952376,0.1209183097037456,0.036979630871346,0.0700535227010183,0.2212799265733362,0.0947099737130704,0.0476326053152832,0.0729999073865007,1.261192046094876,0.2253709487788624,0.0397464070904728,0.091768944883835,0.1383088756357293,0.1137187772057484,0.0490493829094911,0.1094574007515816,0.0553150354082871,0.1340617241954878,0.0602598985105055,0.0683615884440713,0.1399519649647898,1.8198377900018328,0.2404249566181809,0.059397435275986,0.1290331027651477,0.1137618791347976,0.0337138039825694,0.1494917442349108,0.030333900563791,0.0441245443735199,0.1640298172943613,0.0291232271497173,0.1343351579164483,0.1126553873087501,57.2758022062254,0.6108650952046837,0.1395875023587174,0.1123800498385539,0.0285009114749435,0.0539959478713755,0.209469314329206,0.0217602906323314,0.1028962916267215,0.174304564970195,0.0343201812226846,0.0344319962455514,0.0883529494297193,112.6511462058782,0.8316710365292636,Negative
71,0.1548069408444636,0.0737384837582591,0.0753995916577863,0.0652380175449068,0.1366953947788168,0.0704480381959644,0.0682470425381971,0.1334403077206568,0.0652078044725719,0.0622973701999226,0.0944810082884542,29.84272769959893,0.2315075411942919,0.0849468039697795,0.1011672219345981,0.1386026269747442,0.0836001419885911,0.0809049676423472,0.0837720715926247,0.0550074294346468,0.0652372687545206,0.1282678791383185,0.1061490895649193,0.0723444990049096,24.438401401541444,0.1885135604162625,0.204568686770922,0.073782452137453,0.0318496273612669,0.1790686034203882,0.1606712255135785,0.0163673362429486,0.0944607971743466,0.0695437537248015,0.0330376260758669,0.1211850619702045,0.015464829608223,71.96000642751325,1.2513878843713282,0.1413612945367547,0.0747822180642652,0.0404929522688693,0.1397699918059395,0.19257493317327,0.0174127141353306,0.0376976565731074,0.1184525055726362,0.0929519134131823,0.0643841762024368,0.0801196442542075,142.44759041300517,1.1688092737764586,Negative
89,0.0616061432281757,0.0710997010326311,0.0652860200845457,0.1107041832715103,0.0998120608846157,0.0801521633646066,0.1173318366360032,0.143546620913107,0.0747325981440314,0.03478625399589,0.1409424184448829,1.3420142396610604,0.1995933702664968,0.0596045984202501,0.1117357921501678,0.0514040055307311,0.0861191299269902,0.1036576635535178,0.0324187320967048,0.1453903915864171,0.0839358478927147,0.092476578970351,0.1094461821382566,0.1238110777338984,1.797550271568655,0.1887265514380974,0.1230464109394563,0.0758720527023535,0.0621128037172557,0.0760052666944047,0.1939299101805268,0.0486435729881553,0.0725114073518203,0.0659905319490459,0.0836631215784419,0.0676083510457354,0.1306165708528039,77.03736099760384,0.5883986080391468,0.1253121241053099,0.0594753167634182,0.1379442200621071,0.0703996899889922,0.10451608605679,0.0937354474303947,0.1278964813755704,0.0615637539514446,0.0695234143823829,0.0342674522521734,0.1153660136314162,38.97202373298173,0.641920338031239,Negative
90,0.085026641994484,0.0998493437798948,0.0305017907029069,0.0885596853066024,0.1615690813067885,0.0207811877863977,0.0853450126147822,0.1247331625044228,0.0724754717023128,0.1015365698612498,0.1296220524401578,7.0610992141285225,0.1727352733625091,0.0845353237254369,0.0940277989858225,0.0989449482166539,0.1225458886320214,0.0492614889593844,0.0727635604181782,0.1146775704418708,0.0848237480147823,0.0485377817860074,0.1148782264695205,0.1150036643503211,2.6788363921957283,0.2918302878399242,0.0627820039788401,0.1018488243494226,0.1341054335660706,0.0449931678535426,0.0735902652146116,0.081525710087823,0.0909342584318814,0.1408912328278964,0.0963616879293009,0.0874991001618469,0.0854683155987635,12.261040125350316,0.4396086104031847,0.0884205088568056,0.0461866877542266,0.1090069449735457,0.0894803358130163,0.1310902297042314,0.0797028809136174,0.1197307002211683,0.1211097908349235,0.0990420097502956,0.0558572003529669,0.0603727108252021,29.649407989475407,0.7304826269864839,Negative
97,0.1067347030067348,0.1080176359471692,0.0960968763296905,0.0880085676103206,0.0760350982504128,0.0680981389394326,0.1030184226500847,0.0393711366261832,0.0750659640072186,0.1261688285060833,0.1133846281266695,30.464746963536204,0.1363719650121189,0.0583288174262943,0.0776526315864524,0.1588831522582026,0.0652155254599882,0.123346926650834,0.066081311106513,0.0450826829335477,0.1260756593134309,0.1038055299005513,0.0610273617727329,0.1145004015914523,40.98922845648477,0.1409108282393097,0.0792020762898988,0.0505512887549935,0.1835021014986919,0.0894746047148796,0.169211478913051,0.0116245962088122,0.0145988862708009,0.1870935748452843,0.104303444717003,0.0420385193408029,0.0683994284457813,109.30442221212049,0.3482933117040541,0.0926693629811648,0.1045824671611335,0.0435421741523391,0.1038057109208427,0.1126419461238993,0.0618421519193394,0.0477803226040206,0.1749260370919242,0.0570689100590503,0.0449088733190038,0.1562320436672819,124.06567491485082,0.622341359012696,Negative
101,0.103280749517083,0.0249500059172865,0.1026952290963135,0.0764285106702533,0.128489229035209,0.1386840773743241,0.0387307132655069,0.1146094583491923,0.0421123154868255,0.0603593884949684,0.1696603227930371,54.492529983160495,0.1593574629083466,0.1056547124096941,0.1291905812001264,0.0373506749620994,0.0179484320967066,0.1570234429983044,0.0726876395602668,0.1287954452197705,0.1256108900943254,0.0270619985583182,0.1243395749443676,0.0743366079560202,53.39368216823808,0.2043472258251407,0.0598830368183924,0.1143394520040959,0.0449532737544389,0.0596146809018519,0.062663989005862,0.077743729309465,0.1776897451475561,0.1459192183098246,0.0410647059224529,0.0972307416164688,0.118897427209591,100.83261355031536,0.4824565676070163,0.1239131838267767,0.1120980974478833,0.1225806320904403,0.1144188554354542,0.0958383316971979,0.0724767205095553,0.0613188932336144,0.0999273691506949,0.0299700911265739,0.0712435694249181,0.0962142560568905,156.56624119630484,0.825704842283075,Negative
102,0.1101272820985857,0.0728536984434252,0.0854798840034981,0.0721527445236338,0.1516231682987175,0.0693862786346657,0.0683515512244944,0.2398190096064562,0.0150643726389192,0.0580270817169541,0.0571149288106498,7.778620607590746,0.3942092891924444,0.0217432264675408,0.1026409385010899,0.0888813893151663,0.0741659857566564,0.0975281722860006,0.1315507529542196,0.0445919975778149,0.1406193834019192,0.0624315849209867,0.1355511703851139,0.1002953984334912,8.781132100765555,0.3391013694077485,0.086630103862119,0.1262366248529909,0.0030595990701934,0.1647806311739844,0.1302626042654524,0.0413494397856337,0.0779490506546209,0.0913521916604605,0.0186887922456165,0.1455861156341861,0.1141048467947415,148.90433784842284,1.13691665532853,0.0696919203230683,0.1980235881931266,0.0340617769828488,0.0848341728856618,0.1576413592102909,0.0997565679419296,0.0471615030074951,0.049741251385488,0.0719796258987083,0.0794714964079035,0.1076367377634787,171.40866987864047,0.9589611045138646,Negative
114,0.1242698018094035,0.1027194829939347,0.0671841570567506,0.0990330888712934,0.1169665790143956,0.0303728865318334,0.0528294750652185,0.1285211395462099,0.1101257630382148,0.0795701194184521,0.0884075066542931,4.5529872174889965,0.2071195397851861,0.1306390415221878,0.0944482300799975,0.0650625981414191,0.1298787101058943,0.099025322413632,0.0188468825047422,0.0945459897697699,0.1144944844147038,0.0483189856599487,0.1166854675185563,0.0880542878691479,68.25344550172859,0.2816048623177376,0.2030536790079804,0.0451336801596834,0.0767906753531844,0.0234924591166706,0.2211565002246117,0.0604319223212787,0.0519901755644393,0.1723896436441761,0.0474993250165663,0.0361189285976384,0.0619430109937701,90.85492536757368,0.7963924987809006,0.0919637452233245,0.0770126131055216,0.0526857281367976,0.0432149852457147,0.2062300069500492,0.0383593828008219,0.0912476476033478,0.1256904322678188,0.0720239030513361,0.0914385070323309,0.1101330485829365,118.790702778479,0.6087124667476087,Negative
115,0.0908380471026907,0.1626936698206339,0.0559568846347425,0.0596708065177707,0.1117813537190937,0.0626229502672712,0.0997683309915597,0.0729973400565292,0.0582373206774473,0.0977010496220991,0.1277322465901615,5.825155299458757,0.211994387591614,0.1768391319551082,0.040556290052701,0.0983578368128479,0.1786635237133329,0.1367022078947843,0.0878841545455137,0.0265685282546118,0.0699770766526068,0.0632697396180283,0.0441098188457543,0.0770716916547103,11.557177725474803,0.2588209924368044,0.0372220872918609,0.0529637058480544,0.2078163050276376,0.0810585528073374,0.1090996165345304,0.1074002875693308,0.0748473315562145,0.16995730543557,0.0508920391315375,0.0414249925364753,0.0673177762614509,118.03795346735664,0.5447795645503765,0.0943842326113438,0.116048476784901,0.1231599626630918,0.0681620421333406,0.0796302695081069,0.02241447491734,0.136510626382498,0.1393100110042424,0.0892706319826073,0.0607018558944372,0.0704074161180907,125.50755553601846,0.8154440167430453,Negative
117,0.0687530681133791,0.0602496566309133,0.1167142676111846,0.0861711124696582,0.1402315086873511,0.0995570181509655,0.0417142956835521,0.0412002373676462,0.0617326763419225,0.1410648736518928,0.1426112852915342,1.613412120129747,0.1459914150699721,0.0930156488371049,0.0755429098974847,0.025162969584124,0.134351731369317,0.0736229046992404,0.0915797598775293,0.1111178095492287,0.0696718984907401,0.0882403016755639,0.0864492547719323,0.1512448112477343,2.5717775929297235,0.2309355625326244,0.0582510119599805,0.0633604185244275,0.1477331898871123,0.0819132871790017,0.1038988825216433,0.0278174482635501,0.1129327677428356,0.1599210233842196,0.0869613492629943,0.0432772421450039,0.1139333791292308,5.526822506840728,0.4739806051261578,0.0822332000739309,0.1038924646821045,0.1063067588979903,0.153199406236494,0.1664068933466954,0.0664100485129245,0.0725681106975176,0.0934256819946759,0.046429125743668,0.0164904264526937,0.0926378833613046,6.351389012272051,0.7369397128789433,Negative
118,0.0936065250366493,0.0645552057282169,0.1256279964745008,0.0252568205467022,0.1798687409293181,0.072993373797321,0.1244693092172931,0.0768690803822138,0.0461258425053467,0.0780698593068821,0.1125572460755555,4.976776047383004,0.131555231348259,0.0910212979923607,0.1005539217467542,0.1007525988963082,0.0575136954754502,0.1762858221773569,0.034534520570005,0.0991496935019859,0.1783855168663501,0.0403392072880044,0.055223329204157,0.0662403962812671,3.316214797042789,0.1939505680942606,0.1349341420739693,0.1302804089743563,0.1024786700047819,0.1114723508208672,0.0834004456605302,0.0493444558970295,0.06647220362946,0.0773341500092478,0.0649227804644981,0.0876369258512393,0.0917234666140199,127.9061239424546,0.5544855854729503,0.0983500239786021,0.119331639956258,0.1102022358394066,0.0823419938237227,0.0784452728514755,0.121362730696241,0.0542223567627401,0.0892940593248447,0.0608879674359385,0.0381156290614455,0.147446090269325,147.64248883703405,0.728826094638911,Negative
119,0.0927227718399685,0.133084679099757,0.0483288748086769,0.0976322030785062,0.0926984783366894,0.0463451457921341,0.0224581794490718,0.2385935494379173,0.0255177866719302,0.1029050653939399,0.0997132660914084,68.98893536592097,0.1483424427845681,0.1478816726812556,0.1087647085664569,0.0894283965266727,0.1475627904547739,0.046860867586807,0.0418656774898261,0.1358601014691647,0.0641295952078953,0.0938170289447486,0.0499751843870877,0.0738539766853111,36.18857324229065,0.1909873155895707,0.1263327729673133,0.0708391079463634,0.0547965286100042,0.121770512004069,0.0615383566512713,0.0644744659453314,0.1125750087871391,0.0754212213264796,0.0955109195308694,0.0956047944688438,0.1211363117623151,14.175166548164944,0.4214976842602727,0.1469098938753602,0.0583252027770774,0.1326648022377599,0.0650917972447312,0.1458761597227882,0.0925098351274178,0.0978455174156181,0.0472240355189566,0.0693642933818501,0.0496574944731983,0.0945309682252417,35.91653534565318,0.6504902100141062,Negative
122,0.0669634727363095,0.0425926452766251,0.0878380837513282,0.0879791248099259,0.1485411838163359,0.0605209038818337,0.1818404445332777,0.0895801642705943,0.0624678966874429,0.0711316819349517,0.1005443983013744,19.6183574377057,0.8216002229411522,0.0795742092722248,0.0445998795542962,0.0823130457734197,0.258896143944725,0.1157013502122515,0.08970389453261,0.0822836230016613,0.059608994563753,0.0200765748000169,0.0948393866182753,0.0724028977267658,8.760541417078963,0.606913566914598,0.0,0.0,0.0,0.0,0.0,0.0,0.0,0.0,0.0,0.0,0.0,0.0,0.0,0.0,0.0,0.0,0.0,0.0,0.0,0.0,0.0,0.0,0.0,0.0,0.0,0.0,Negative
128,0.0856901984929626,0.0659251002524255,0.0544502799781168,0.1290690702664232,0.0936524461155353,0.0730530097603124,0.0962500191174116,0.0751810891184397,0.0938711170495095,0.0728084661422839,0.1600492037065791,4.325194753953157,0.2383990822686512,0.0959179342211006,0.0824577404317293,0.0778991570970381,0.1107735836179139,0.1774351579029626,0.0282573101345591,0.085313151570422,0.1360157575797299,0.0379247597013504,0.0674604365467696,0.1005450111964242,6.340695444214368,0.1594988851843612,0.0650677745825072,0.0951361566807983,0.0065798409940055,0.080533164853997,0.0551125824909339,0.1051451278911212,0.0198869763289021,0.256234106975915,0.1000935545203633,0.0879023750409144,0.1283083396405418,103.68768029763343,0.5310945790815087,0.035290426706565,0.1547422191198326,0.0313262705284425,0.1144772761351082,0.0767194994900918,0.0423698206966438,0.0808756742364679,0.1682787525798726,0.0153074119425615,0.1882141880338106,0.092398460530603,97.15223320170504,0.564060788700767,Negative
133,0.0595906557544257,0.1283602096956281,0.0838726904198029,0.1072369087436793,0.1192236947556781,0.0353544405472491,0.0889967464514219,0.1088695288339344,0.0514895188067302,0.0660715839193967,0.1509340220720532,6.080386108376348,0.4865102529375701,0.1041552040358424,0.0976937754018278,0.0641682168557294,0.0973126188219694,0.1174618429131829,0.0451201644454706,0.1208455272572246,0.0948680075473961,0.0710479010892494,0.075217282731444,0.112109458900663,12.775651325969998,0.3743583628070343,0.1405334005455401,0.0899860692386651,0.0867959622874774,0.1037932305010233,0.0942065236537037,0.066000899339237,0.1318546804995753,0.0897004763023568,0.0276697369987061,0.0608964412031878,0.1085625794305268,167.0513341223281,0.8972276089186059,0.2036710039133064,0.0550759613050221,0.023946003166149,0.141223841151047,0.2004055828409137,0.0577451191970204,0.072447186291922,0.1073436592440122,0.0355227857976932,0.0488690795198283,0.0537497775730853,149.4898529530582,1.1716537068182056,Negative
135,0.0990510835471268,0.0969744385473885,0.1086893989367591,0.0749239913987885,0.210031164440604,0.0522648993753593,0.0599043181081815,0.1280639570480576,0.0437865891047406,0.0730517006560344,0.0532584588369593,53.88908339157345,0.3350918803710446,0.1227109298419807,0.0917999293510218,0.0201269320896606,0.1080242225936677,0.1187614340640782,0.0433987939576481,0.0830606718099612,0.1463604120200798,0.0686837647810245,0.0333088063689217,0.1637641031219552,109.07281084250974,0.6055201616698221,0.1258550726023233,0.1030718282828643,0.0144502067235598,0.1105522130431743,0.0735453207394753,0.0350881722018539,0.078650166106031,0.1866173462613775,0.0484261912813907,0.1653010360603981,0.0584424466975515,121.64366035413668,0.6457973872770842,0.1440303304916064,0.0806609452419067,0.0329878093620733,0.1207331882636171,0.1273620315242357,0.0303928848657618,0.0578118050597544,0.1259727884666955,0.0936879741440799,0.0582908363779436,0.128069406202325,130.94005375903774,1.3012496767860806,Negative
136,0.1132528007431258,0.0351569558585634,0.1539545956591461,0.1198097516426999,0.1718539206021959,0.0891770051763105,0.0292133568662555,0.1152306471208582,0.047382662643588,0.0536759090471852,0.071292394640071,3.088894836730559,0.1944925344262314,0.1189599721138597,0.0823559101316455,0.083196008758025,0.0742282544058108,0.1028451200182475,0.0607395125883338,0.0608856011143511,0.0996193777479784,0.1358793745456873,0.0666889913704742,0.1146018772055862,2.0837098156265315,0.1777819384868135,0.121921166242684,0.0249733825288699,0.1785660469593449,0.2066661323349553,0.0941302978232531,0.0323397673165812,0.0702694306236347,0.1409248158036423,0.0481864989033338,0.0138567468416513,0.0681657146220487,84.51407814060092,0.5208567648127587,0.1682576182773778,0.0733119057532907,0.1281594968286399,0.0938324410413338,0.1347860405906191,0.0839320188306962,0.0748236748996292,0.1053028494696698,0.0507832670616448,0.0206177060141689,0.0661929812329294,77.62360074942332,1.25433170852228,Negative
138,0.0626654851865371,0.0692651344696635,0.1471158137079221,0.0677634079250828,0.1530727432098274,0.0496738674726827,0.0398534380617192,0.1827162201516292,0.0707170801838816,0.0415269428239857,0.1156298668070683,2.4696870025484787,0.1394631989421799,0.1570679008735011,0.0642272909096492,0.0700573288853523,0.0840240301816295,0.0774981597754101,0.0586570037792293,0.1173506986714416,0.1733996609834398,0.0216515720673494,0.0889457957536746,0.0871205581193227,52.173263367299775,0.1884156650451811,0.0620985298888634,0.0687370011707016,0.0908062007527546,0.0884018270351521,0.0979508505649305,0.0365182069565483,0.0830466348661407,0.2004212886156512,0.0805892040586187,0.0653302584903158,0.1260999976003227,66.2669164245239,0.4441668082794298,0.0700897343122075,0.1222600729417909,0.0175765833538967,0.1284077307239703,0.0851000214878159,0.0531811507540561,0.1221407298355309,0.0865578261297044,0.0470399274907313,0.112730374991796,0.1549158479784997,148.50697839460676,0.9375433647137408,Negative
139,0.1212608391830264,0.0745116334544137,0.0185535957701483,0.1551067572006813,0.0747177010133201,0.0428795527332085,0.0820322426578491,0.1384642093794521,0.0720714459523664,0.0909630278223939,0.1294389948331396,23.407908933248024,0.3562620010866002,0.2034284988880513,0.0622201997820112,0.0162976963206119,0.1807021504066834,0.1477442016011145,0.0258504508686892,0.0237817433425866,0.1052951443961111,0.1139119129245552,0.0614480677261569,0.0593199337434283,63.20512100610495,0.5174013168200035,0.1154349446093997,0.109621272881612,0.1188082146398232,0.0952784497278137,0.1267979998247476,0.077329023152679,0.0815875700836716,0.0577414772815542,0.031270029618886,0.0832299590214443,0.1029010591583681,124.79621224112434,0.64471446521081,0.1108726375366827,0.1252864413497281,0.0886017137575257,0.0956475464901548,0.1826564793110177,0.0168793527350561,0.0771265844984849,0.1175649929624527,0.0636751749793655,0.0459984609835178,0.0756906153960135,96.23574890296696,0.6918679870449834,Negative
141,0.1859676044376759,0.0466639743180907,0.0784004892463286,0.1325687382461164,0.163423915542401,0.0563129612276001,0.0877143917009373,0.0814510652878133,0.0390582816849149,0.0171400789191684,0.1112984993889529,36.26029512867888,0.2352680193825451,0.0932155015856659,0.0362647149762597,0.1431432596676047,0.074260559913686,0.0694153740738637,0.1412092196446409,0.0972291938877925,0.1893996845445723,0.0756498573603927,0.0296687997165855,0.0505438346289354,26.489991503360084,0.1908281913959933,0.1187665164442612,0.0656372844377358,0.0683666955301039,0.0877155429300318,0.1712471695638008,0.0904252687671049,0.144463273167658,0.0932082453259198,0.0464574186124308,0.0198661130722423,0.0938464721487103,133.00262765064107,0.4656056070585233,0.0849183342963201,0.1588048941681217,0.0842148633559895,0.1469706847733998,0.0037947375444921,0.0424755389317996,0.0883803644272064,0.1583788462181774,0.0399197986320966,0.0976269928062199,0.0945149448461764,127.2278361750372,0.9626984247081304,Negative
142,0.1522106394935965,0.0665870941869486,0.086255403972784,0.1344242155895112,0.0748802822747343,0.0556461482522443,0.1069058240483375,0.0922805530936114,0.0381076299629184,0.0311122848407438,0.1615899242845696,3.7896443760852976,0.2517901205281419,0.0941055192402491,0.057319969601201,0.1989606304891978,0.0599446018122131,0.1927073292688491,0.0711170095478358,0.0713445301402268,0.1307962996480151,0.0435666371299839,0.0498411433385881,0.0302963297836397,4.940157260529023,0.2684251390436163,0.1173980653210317,0.0884015058411581,0.107962324077957,0.0430488234664906,0.1494540812975028,0.0547953689291376,0.0781757564712805,0.0766844783255392,0.106930465731027,0.0986969788405268,0.0784521516983482,72.81222228620197,0.5775068533970823,0.148724957693707,0.0785621314861819,0.0553482752904365,0.1548044167313262,0.036052086615533,0.0413168859637048,0.0605215137933264,0.16989523137062,0.0659478265442905,0.0809112685470038,0.1079154059638695,88.04066953135161,0.8305892971317812,Negative
144,0.0541249462299602,0.1293887849644393,0.0759263887106096,0.0814570297270675,0.0665304453009566,0.0604557917738402,0.0752716770305694,0.1258221668284778,0.0796266385971372,0.0872919239093037,0.164104206927638,4.416751190409498,0.2238126162711554,0.1072378484996654,0.0524509720655091,0.0785161283255053,0.1244193771172394,0.1047012739544616,0.1532153936641095,0.0998616474022224,0.0263004312245027,0.0630454120620475,0.0838296145472238,0.1064219011375129,3.7805710661572474,0.186786518402594,0.0971782963968244,0.0623298275726179,0.0333072598934901,0.0446016767883489,0.1080526385894005,0.0501934862828028,0.1269866528344427,0.2279945521074303,0.0326708405122162,0.0526946985395461,0.1639900704828797,138.2266620711786,0.3409076332265648,0.1056265865059885,0.0670139846702246,0.0767452613355763,0.1501815097962277,0.0454645462140028,0.0123484837453983,0.1482088701557662,0.1454830312856268,0.0693016549663737,0.0778996517240776,0.1017264196007372,80.34066065509388,0.5142931025306233,Negative
158,0.1149238970026877,0.0792408532987743,0.1063092472253065,0.1443681937564357,0.0659643604365199,0.109322515875463,0.049012932619983,0.1130007227597873,0.051552825115634,0.0474205651756234,0.1188838867337849,84.53914652077279,0.437836361748635,0.118202481178946,0.0552189197899444,0.0626899732982398,0.1323812458883416,0.1454962001810004,0.0571620243725074,0.0904218117836763,0.135786122962265,0.050344915221789,0.0398334915043462,0.1124628138189434,95.43586539997716,0.5802897331698743,0.1105373619402295,0.1355094705705228,0.0488855050291807,0.073743384208093,0.151704594643971,0.0478653729190635,0.0414851057308605,0.1321775058522172,0.0433903563119338,0.1078056218804514,0.1068957209134761,43.912897255366346,0.9673264019300432,0.1273219321790415,0.1219267414487931,0.0808767723444753,0.0704131693144269,0.1857528229599075,0.0232596721325264,0.0481042958400086,0.0800739797480977,0.1184693886310874,0.0559489054044845,0.0878523199971507,131.6897813856779,1.00230077522293,Negative
160,0.0740919677741908,0.0912093512736117,0.1090750011394916,0.1001517064461503,0.1078936079681495,0.0670653211393623,0.0338176563743937,0.1340156695685486,0.015646245642872,0.1023171721966966,0.1647163004765325,10.860705738129576,0.2141008824714362,0.106950445092669,0.0222282615267986,0.1244202378163947,0.0993256347823177,0.1010345502639453,0.0715216274151625,0.0688799264956326,0.1568908250125775,0.041845645666534,0.075177641464284,0.1317252044636837,13.903333423990889,0.154585542393221,0.0732717575835256,0.0765764900350893,0.0762213805833119,0.0767874748945905,0.1549911378089205,0.0372537201971882,0.13460330612284,0.1584131233932357,0.0460951806258776,0.0999665850611647,0.0658198436942556,7.80241259550327,0.4297434771397441,0.123889761985349,0.1101723758059283,0.0476106826255013,0.0905306711344437,0.079080431408391,0.064092180621344,0.0676533265685741,0.1478018088759386,0.0440556238447674,0.0525655868102463,0.1725475503195159,70.29705661991528,0.479486006457218,Negative
162,0.0593161973981398,0.1634763419979701,0.0723091613881652,0.1447918942560145,0.1756561489449827,0.051522575718265,0.077082337533358,0.1175698911971748,0.0638551160309821,0.0035777441803005,0.0708425913546468,8.137384285477433,0.1640257834905978,0.1546339346814358,0.0764131012537038,0.1581270451558967,0.0530682505968635,0.1635663116235891,0.0286510530099711,0.0936533130888565,0.1049206839278042,0.0098870160263507,0.0923633626126175,0.0647159280229106,11.14042583071956,0.1793677437761593,0.1047956951292036,0.042632617937217,0.1626579819407478,0.0743111149596054,0.0792993348991508,0.0768772263936332,0.1003183891133745,0.1269502894123328,0.061193839748921,0.0433505829984714,0.127612927467342,135.7949364249578,0.478258093111392,0.1794618876601855,0.1186215431136595,0.0096425176288294,0.055790429306679,0.1466320672787356,0.0771628499780972,0.1437482854165445,0.0279146474529854,0.0418736324716959,0.0783678789966709,0.1207842606959164,142.04774291886363,0.5811752039841892,Negative
