SubjectID,Firm_Open_01,Firm_Open_02,Firm_Open_03,Firm_Open_04,Firm_Open_05,Firm_Open_06,Firm_Open_07,Firm_Open_08,Firm_Open_09,Firm_Open_10,Firm_Open_11,Firm_Open_12,Firm_Open_13,Firm_Closed_01,Firm_Closed_02,Firm_Closed_03,Firm_Closed_04,Firm_Closed_05,Firm_Closed_06,Firm_Closed_07,Firm_Closed_08,Firm_Closed_09,Firm_Closed_10,Firm_Closed_11,Firm_Closed_12,Firm_Closed_13,Foam_Open_01,Foam_Open_02,Foam_Open_03,Foam_Open_04,Foam_Open_05,Foam_Open_06,Foam_Open_07,Foam_Open_08,Foam_Open_09,Foam_Open_10,Foam_Open_11,Foam_Open_12,Foam_Open_13,Foam_Closed_01,Foam_Closed_02,Foam_Closed_03,Foam_Closed_04,Foam_Closed_05,Foam_Closed_06,Foam_Closed_07,Foam_Closed_08,Foam_Closed_09,Foam_Closed_10,Foam_Closed_11,Foam_Closed_12,Foam_Closed_13
2,0.0759067184513814,0.0537812424644259,0.1080103888076186,0.1212259678035779,0.0633902863376229,0.1047251068304452,0.1372175016494258,0.1133173964025022,0.0738794624787995,0.0840912877610737,0.0644546410131263,0.4672525112594506,0.0949000589028485,0.11820984679007,0.1138839295393726,0.1085519671696456,0.0902396273815048,0.1119962555803042,0.0458025387402196,0.0882865602198554,0.0741504123083546,0.0752009323783783,0.1090263158830779,0.0646516140092167,0.5039153808622974,0.1516853717321604,0.0623100181953964,0.0688539636082309,0.0803656032060217,0.0897766588131648,0.1284206853395162,0.1056097880578081,0.0982079153399307,0.0994303270877876,0.0957100481307127,0.0962670593571609,0.0750479328642697,4.308302003054158,0.4299532249873122,0.0949485371884308,0.1248585715266767,0.0640974525711545,0.1082346294855868,0.0622938774634062,0.0567366107416422,0.0632554312785495,0.120360925910298,0.0847021557840166,0.1260248128847469,0.0944869951654915,4.6175794197449855,0.5104255637258904
3,0.1026129219664419,0.0812205989020735,0.0901300991322893,0.0634554890229998,0.085163912195294,0.0745342739442136,0.1106151724133079,0.0726665778355775,0.1078708011077626,0.0746160117231172,0.1371141417569225,0.8630103570563031,0.2381689019668842,0.0785109447746258,0.1132658562786244,0.0729058250859059,0.1028226037733485,0.1053657925942545,0.0835692602733906,0.0974834121361733,0.0842360383962539,0.0560538635540123,0.1128210679266638,0.0929653352067465,1.032733131060105,0.2598063719439586,0.0888968266177681,0.0629728388122718,0.0747484993257546,0.0805562637206452,0.0634657582521694,0.1254307640948818,0.1004376836004945,0.0756795799264625,0.1179109404342456,0.1037624626710837,0.1061383825442222,4.406919478701403,0.6789099460259752,0.0996836694480975,0.1064574016102767,0.1073597324769963,0.0903774685410411,0.0941606134932866,0.0698490237721269,0.0885053657978105,0.0816980452954153,0.0860710839151553,0.0716368987920757,0.1042006968577176,11.29830671934905,0.9637580562616092
4,0.0819730133020491,0.0893229706529684,0.0906111666253604,0.0700963433837097,0.0874556242445335,0.0723208326275643,0.1144082293157693,0.0745051027484854,0.1267731948784881,0.1059307141891188,0.0866028080319527,1.3902102302058506,0.2478347575124698,0.0872914179831826,0.083671581764746,0.0758711904175067,0.112955319418502,0.1050260965431953,0.1010986590463264,0.0832116266747505,0.0800134667392065,0.092392329696513,0.0585755505243305,0.1198927611917402,1.206351703099034,0.2631410793928404,0.0785447115722759,0.0896267322863477,0.0942529208026326,0.1065684219678774,0.0987106381591323,0.0441914420850322,0.1031794420968324,0.1170748677390834,0.1190800166762797,0.0744340437292639,0.0743367628852421,38.95656034481704,0.7809535395915868,0.0941059508672929,0.1032034394014782,0.0744223219975238,0.1258466016924951,0.0645768202180663,0.1040830194717391,0.0739090972168368,0.0830779786068115,0.0913882048522884,0.1095664985094754,0.0758200671659922,13.310353189021605,0.8973570303755167
6,0.0836095571614872,0.1102290615941456,0.072890331693804,0.1064931140632439,0.0722858988956959,0.0880758356859375,0.092166291345031,0.0810468758407679,0.07392820190836,0.1277766208147655,0.0914982109967611,60.81338632781806,0.1808870336455179,0.1458286241715999,0.0994338334759713,0.0962329141730001,0.0923913310505645,0.0943354327766298,0.0771522316693656,0.0652679527161695,0.0886218296154961,0.0665454509212116,0.0806618958787551,0.093528503551236,4.906429483766083,0.2240286921009201,0.1053429165959926,0.0887534373078489,0.0893248737466424,0.090915441645847,0.0459014928242684,0.0589029915695947,0.0866035302871491,0.1030539852137859,0.1131549078473447,0.1215669348162473,0.0964794881452786,62.725231147894505,0.6632003218484532,0.0917686485275148,0.112683654499459,0.1363456371587219,0.0821902317626274,0.0884083997889111,0.1005612675140814,0.0452107737060263,0.1029608541703004,0.0734134378465685,0.1073396805267681,0.0591174144990206,109.8500778431124,0.759389265264991
7,0.1050443251354467,0.1542195872066722,0.0644549463571253,0.0285746420672846,0.1605862818200367,0.0789573759098775,0.0570895113371677,0.1052459285215551,0.0730735104440834,0.1150925983334441,0.0576612928673063,56.864322840428486,0.1808503177902224,0.0890958669819567,0.0834344929539178,0.0620174508486738,0.1047604022965713,0.0754227540877396,0.0931646936509357,0.1037764631948363,0.1078781537369718,0.1198667593496674,0.0681871403347232,0.0923958225640058,6.963398054657158,0.2048113638647221,0.072001476396926,0.1118373803993977,0.1081617849180844,0.0977866830874331,0.0700002325762322,0.1106209996010469,0.0794684977648843,0.0699559025451217,0.0882449044213285,0.0787356157452106,0.1131865225443342,47.087135570606335,0.751802558063293,0.1099453830549909,0.0457668783939764,0.1184766249715272,0.0592845746249303,0.0876418778730898,0.08817488950392,0.1317068541920736,0.1022676207675049,0.081916192783934,0.0858506152568892,0.0889684885771632,92.61429409307864,0.918618780509068
9,0.0824260893660232,0.0529546948710582,0.0923259465074107,0.1054754787336369,0.1116100470159458,0.0743607877631637,0.1038015716518789,0.1085108939527795,0.0757325135001914,0.1261286840138009,0.0666732926241104,64.9025447892405,0.1513936321434627,0.0497498292962956,0.1219228473809322,0.0882958065052911,0.0802478496257023,0.1052827350868277,0.1023698839742041,0.1068976421638074,0.0577727384661268,0.087816684870213,0.122897846520604,0.076746136109995,2.341710942913861,0.1543570272750107,0.0773142544459766,0.0899918167075842,0.0580773734014392,0.1087341469963177,0.0643539765226565,0.0902732775914795,0.1055718250074636,0.0687294021216464,0.1045284305617251,0.0928398841321902,0.1395856125115205,13.776793706764614,0.3631676976688141,0.1420183116445578,0.068198351846051,0.1132985953945442,0.04203151254804,0.0524406500711405,0.0957233925322854,0.0974256794313343,0.0972840271051,0.0753088236368708,0.099959730431716,0.1163109253583594,39.55453656307365,0.4486960326453109
10,0.0842049716692429,0.0662244591521528,0.1189318495855848,0.0851810188244823,0.1206016663065518,0.0743343270100795,0.0663901654465585,0.0962726419323485,0.1172057183776976,0.0970078627379762,0.0736453189573245,5.82714825071691,0.1025791907854675,0.0948674352804878,0.1124741797054982,0.0840939599135748,0.1060159293234276,0.0739023876314806,0.0867039579043715,0.0711016486498253,0.0867951616405836,0.0764233564573457,0.0846280494642753,0.1229939340291291,1.4296871161650444,0.0854762920519464,0.0666465356001789,0.124453177358939,0.0886667866367827,0.0907441122801435,0.0840007975586936,0.0742866101642302,0.116451981000888,0.1018773275440624,0.0510469871518377,0.1034296317619057,0.0983960529423378,122.77926577766452,0.3266358789983468,0.1139074128566172,0.1163959710821041,0.0901665719525598,0.0900062904086672,0.0838873172940322,0.0863708682009082,0.0708630372967863,0.0608210278396116,0.0886674477963026,0.0937943810753593,0.105119674197051,104.24273218106214,0.5066184254996848
16,0.052941776132579,0.1156336609200131,0.0731417304761171,0.058946445318551,0.0975164481262977,0.0850110033215283,0.1141770914773877,0.1267260359407926,0.0701252206669209,0.0897112332249685,0.1160693543948436,47.05425392654504,0.3326477612363674,0.0915907352934301,0.1157812168047302,0.1367393297862274,0.1298086110948894,0.0725550904714899,0.0970198502754842,0.0512581505350558,0.0525962342008093,0.0591757569713157,0.0925671403478134,0.1009078842187542,100.88423014266957,0.3166593698538729,0.0678937416980137,0.0818994062757733,0.1171905274279748,0.0688057507457085,0.1193302758625647,0.0667465117525382,0.1046349014385679,0.0740836447415149,0.1222350835455829,0.0875857389272469,0.0895944175845138,45.74779579539098,0.61217498155674,0.1128430688687665,0.1000435663544572,0.0613674151128789,0.1220676687268657,0.0702949400531931,0.0628203259134451,0.0732429082821621,0.0718177647300151,0.0679610527320605,0.1084551027881973,0.1490861864379578,134.88666726353964,0.672766059042857
18,0.062309119611178,0.1190907731481476,0.0804980761252324,0.082462406071339,0.0888071329302002,0.0527870447498698,0.0975604592134131,0.0926398656073466,0.1202472094839129,0.0965021104945112,0.1070958025648487,99.22449548616368,0.20962257328986,0.1042722700691279,0.1075956220818211,0.1085719492896494,0.0642635307365829,0.0598310413260455,0.0906249992249559,0.0921270313333602,0.071194069267466,0.1024400461724403,0.0823137036540759,0.1167657368444746,23.26364100014179,0.2275854531550091,0.081185843287437,0.0736773000281397,0.1063383966491392,0.087265322953377,0.0662496489592571,0.0957217784297159,0.0958461704815097,0.0904379847302641,0.0772904670303226,0.1106202362808218,0.1153668511700155,8.131605243733171,0.4651880128527838,0.0763683232127792,0.0730259820723418,0.1231972631731142,0.0546461445941112,0.108030926009723,0.1276805971493826,0.1070003707957811,0.1086446009331726,0.0397038190237784,0.0928801952563208,0.0888217777794946,53.26566008638898,0.67259764569891
19,0.1051532953334422,0.1029762683733261,0.0653930072896121,0.111679584847907,0.0955923391832065,0.0504643278315782,0.0783586487779986,0.0989154778511629,0.0532604602378297,0.1282922748810826,0.1099143153928535,1.5616354207865557,0.0978054234767306,0.1002937128181861,0.1080951052683327,0.0857476366479846,0.1208279301908314,0.0643001354303972,0.0550333120338967,0.0602013897731391,0.0780439558818404,0.1229012957630259,0.1257052069730601,0.0788503192193053,2.585336162845465,0.1078327978418291,0.0710077826995941,0.1435270526277968,0.0990291885064065,0.1106681900089132,0.0859620978720325,0.0738851997938052,0.0279993424553331,0.0746074128327839,0.076518439652121,0.1221270937153324,0.114668199835881,8.147651672332143,0.5533600371723839,0.0823080865647349,0.091690715555086,0.1019631070622035,0.1036164608804596,0.1014660977138591,0.0548188969577068,0.0912319821732581,0.1012182629649706,0.0991403614959944,0.0981313882977146,0.0744146403340116,21.925131422117172,0.8146581229939841
20,0.0749396069611409,0.0734423422662096,0.1032606807214924,0.14236342910828,0.0864477582847957,0.0882508856906149,0.0813582824483751,0.1254146970230275,0.0733689812108757,0.0844449047806699,0.0667084315045178,5.338148541366,0.2231540881447984,0.0996261487882293,0.0940323970395159,0.0732849618843017,0.0811593875857024,0.1440329769454529,0.1035199920259479,0.0762964265545727,0.0813406401882416,0.0749471217443235,0.1109670364856362,0.0607929107580752,29.75000054865889,0.3000260559755887,0.0977721708746244,0.073773597620625,0.0736559477423701,0.0818589305284161,0.0992865288754311,0.0455125722476521,0.1518724998296503,0.0955802037185727,0.1051407676720074,0.0991181938913006,0.0764285869993498,67.0082412061285,0.5906100135346833,0.1161187950100911,0.0493873254409276,0.1009760206967932,0.0665716275354184,0.1230210591233956,0.0646529674554847,0.0762595452725876,0.1216886316475112,0.0667894054393907,0.0737528273086316,0.1407817950697679,161.43614660248923,0.9604142067340572
21,0.1208309526104761,0.1102534676083214,0.1078247705929292,0.0785589855907301,0.1067613336014065,0.0985912349470824,0.0576438326067947,0.0844588154624167,0.0701523645307588,0.0909996512414881,0.0739245912075955,96.05789813961242,0.1984478683028354,0.0672904048408278,0.0888344479165809,0.1089543339206445,0.1285668034348427,0.0779497406245679,0.0790776373405526,0.1323424284672034,0.1071264453637255,0.0557126103442424,0.0874162511853287,0.0667288965614832,61.25827781502278,0.1720296044575599,0.0796509999425915,0.0726700417176919,0.1115325943565017,0.0965930667548776,0.0938709968645508,0.0895484704872141,0.0903593385082322,0.0774765442088838,0.1199681655617457,0.0952401216885552,0.0730896599091553,6.369749502213654,0.3503132683335757,0.1033737915340279,0.0684314762982103,0.1032130299130367,0.0747151488419919,0.0634414808681064,0.1237010734032618,0.1132654388726098,0.101455841771962,0.1005098923396955,0.0931335185333965,0.0547593076237008,93.54411375230896,0.5471049426494003
22,0.1128130323478183,0.0897795222668322,0.09829185895968,0.0704271037358532,0.0730359083962604,0.1153216809507785,0.0835120319452257,0.107326693567866,0.0527942837406157,0.1273241685751313,0.0693737155139384,4.354754234083779,0.2943091626007107,0.1019153898571678,0.0673616113655114,0.1115634075899257,0.0995042870008139,0.0823674650468616,0.0736770078524653,0.0765772797400113,0.1168228252062874,0.054218028482508,0.0712766262868875,0.1447160715715597,29.17940274260092,0.3277280486150554,0.0969478878694557,0.0720650690014454,0.1150206508886948,0.0662470883282104,0.0889676344152852,0.0808950694810487,0.0824649117731036,0.094889560839808,0.068042333680313,0.1322719614882777,0.1021878322343572,114.38639305200736,0.514208234308152,0.1150295143421653,0.0971315440330285,0.0668350002929665,0.103730558949268,0.1193356625496313,0.0825857500636907,0.0776639800947004,0.0653923553864275,0.0757012040514639,0.1062095482035491,0.0903848820331083,122.03609251113494,0.9674432696519988
25,0.110346524025897,0.1272274615789706,0.1045557293848167,0.1031797425404042,0.0488560107342569,0.1340487633469909,0.071286703734276,0.095775448911327,0.0527098529781308,0.0763517898780636,0.0756619728868657,4.286709490435647,0.2800488902154376,0.117381955589918,0.1444701696927964,0.1265915566967433,0.0858016348728804,0.0280446087165824,0.0771348014030581,0.0671069822438217,0.0658088401255481,0.0830917319073836,0.0932214966435174,0.11134622210775,2.172054353249605,0.4146620420333529,0.0745200482056028,0.1153253396416778,0.0942302727256472,0.0813753209986147,0.0723717399240301,0.0925596738467581,0.0679934634318381,0.0572981323001203,0.0825483476967976,0.1541118958656323,0.1076657653632806,98.7047126585744,0.7546205131200688,0.0985453498153614,0.0634833459227099,0.1124086933733185,0.1143325822401834,0.1158848597907986,0.1017775717374011,0.0801292430838469,0.0844465624828515,0.0966941042979059,0.0616718223386651,0.0706258649169573,37.064496085092856,0.7672266559087011
27,0.1090002991556909,0.1130576236912269,0.0871569865559668,0.1031041002280386,0.0543554275644906,0.0626967815526049,0.0996496020535803,0.07627335697543,0.1043404432968635,0.1264578271989408,0.0639075517271661,1.7932978536380884,0.1646178271260341,0.0966447993907897,0.1156433225821318,0.1185858645139652,0.0726693836264154,0.1045518007504482,0.1038198167983506,0.0983341720930137,0.0535152816725622,0.0656597707422654,0.0892775993525336,0.0812981884775236,1.2538057734799033,0.1848323108874318,0.1332695051130891,0.0944787242912125,0.0747932603650252,0.076060873575329,0.0421508000303714,0.0577035551183677,0.0607812754298838,0.1108778502464914,0.0692377402386954,0.1185243001732376,0.1621221154182964,144.33023852120505,0.4185229477295424,0.1156401180791618,0.0431100506639217,0.1189485179942524,0.0843970638118658,0.1334438285950564,0.0988101466964197,0.0929634086789492,0.1083200077310483,0.1039097593546241,0.0468768026610512,0.053580295733649,52.99249713949138,0.6107142660288241
28,0.1002274410321649,0.1131611798060434,0.1020023171178226,0.0651537947959078,0.0719976723962368,0.0593686015822656,0.0976147052999448,0.0691961482262913,0.0937298099244794,0.1092365598334451,0.1183117699853978,6.285250531151211,0.4070258399952247,0.1079945506459743,0.1102479778005581,0.1381189058016463,0.0774313286738067,0.0750739240542045,0.0949022640864318,0.0813118059981443,0.0481618452101436,0.0668989630662221,0.0884212489891604,0.1114371856737074,93.47840874822067,0.4581626058587919,0.0840126022713001,0.1044499035725535,0.1136741747531587,0.0760793145744315,0.1199960384615065,0.1032771069503782,0.0754598299198229,0.0329962199731797,0.0924984305218676,0.086681501707265,0.1108748772945357,89.75887847318494,0.8022573295223433,0.0927063995833752,0.0766585495455779,0.0745340649153692,0.0679092778902432,0.0824791139399077,0.083667564785525,0.094327915368973,0.0941442610118457,0.1218896177052384,0.1171325473187331,0.0945506879352112,69.86166095805743,1.3119827229139978
30,0.0897812461224372,0.0768412575927009,0.0864360481363144,0.1278911599528206,0.0680816858957389,0.1217775379109293,0.0505925455336445,0.112805497261375,0.0766952049956596,0.0921775283719101,0.0969202882264688,3.958074545164597,0.3985399412287043,0.1086198218313471,0.1074286846940639,0.0849713983768184,0.081561284015097,0.063203520288342,0.1100917982173612,0.0936780638640488,0.1057937463513272,0.0343187029599599,0.1023816310660239,0.1079513483356101,6.545722815116342,0.4892087414254809,0.084573787758895,0.0837420767458003,0.0908139492126895,0.0960846078428594,0.0967763093672511,0.0883340224274236,0.0704558492763116,0.089120015125839,0.1107590983866394,0.0904487057990124,0.0988915780572782,12.46300533948228,0.7323003841672614,0.1189745962709216,0.1250262093906252,0.0506777461751628,0.0870029346906489,0.1009468734325362,0.0846995950470574,0.0862235090743748,0.0878415017724392,0.0785438370700879,0.0837168418418339,0.0963463552343115,37.79760884979716,1.065592402211686
32,0.1084612602206933,0.0733447669577458,0.1034364851133151,0.0535698083980957,0.0979823590317231,0.0846042631860723,0.0663854950446638,0.086125656632805,0.1125596598643345,0.1355637528142336,0.0779664927363172,15.749869254962595,0.4360125747879613,0.1032950985190449,0.0886073775115114,0.1213441404823732,0.0632871687156659,0.0784599494103032,0.0477873421255737,0.1497633759351536,0.0824879345079839,0.1073963583779254,0.0860061564142432,0.0715650980002212,32.14134747427352,0.4626240734909995,0.0789308068200035,0.1034826927396237,0.0977096965793175,0.0863414915400891,0.0756401474955241,0.0986626283257391,0.1208515402062063,0.0779038062029226,0.0797589445995966,0.0955765222955403,0.0851417231954366,104.50952810372588,0.773067114789491,0.0883125753118209,0.101286309553975,0.0963320484568009,0.0887540045843454,0.1380819406620024,0.0573084774274048,0.0984694300032075,0.0921960058347839,0.0941784505293006,0.0707561579410808,0.0743245996952772,161.89231502577886,1.6719835062710369
33,0.0641290771874043,0.1034066470382527,0.0764553458166108,0.0956416238075737,0.0371231724455328,0.1608031171137616,0.1448783076707007,0.091633744580638,0.0595817176410979,0.0806912519208478,0.0856559947775793,73.74307010473863,0.1858531795818307,0.0772690689309855,0.109403041482616,0.1326646750353865,0.0974968786052519,0.0805153134527078,0.0487285171977932,0.0874190492803537,0.0991614122743522,0.0764361917887146,0.0914031631167615,0.0995026888350767,58.00465170415808,0.2495302568683282,0.099546045392785,0.0507849511108015,0.1245133119608126,0.1280894393163439,0.0918139247872973,0.0966067960040641,0.0472472483301735,0.0926268220815321,0.079784828890331,0.0966443832526811,0.0923422488731774,105.10598758396236,0.5291815876332261,0.0699740841588745,0.0859480993705076,0.0863772485337927,0.0955929349205541,0.1044263608767068,0.0686413904997996,0.0855235660528162,0.0832949458628894,0.0986685319977398,0.1010660758447142,0.1204867618816048,135.0107569518492,0.7694085181175314
34,0.0760676345078144,0.0753980229157563,0.0786934777366799,0.0951588937534205,0.0561134109031319,0.1029490958850894,0.1079606324327798,0.1210772519810296,0.0837839186202368,0.1146819963927586,0.0881156648713023,100.6379632984084,0.2346834143102853,0.0964201584545283,0.0994593662858602,0.1011512777062764,0.0841769012870264,0.1150053270114309,0.0902705918871833,0.0357838567697799,0.0824897135545683,0.0927388081896752,0.0890719143642456,0.113432084489425,35.912809940522216,0.2002831846022315,0.1066303197376795,0.0684289183600221,0.0700993585512487,0.1214458036315965,0.0986278444043948,0.0686888283359486,0.1067948952225921,0.1099014861809696,0.0845907689641998,0.1067202055211145,0.0580715710902332,133.28353049555827,0.4493505657302343,0.0697589352228203,0.1231133372857253,0.0912456801856543,0.1079213166673522,0.0764941246761042,0.0947898250439886,0.0784440622572269,0.0522921965343365,0.061322511275283,0.1218196471938894,0.1227983636576188,148.38363712103236,0.5767395653627245
35,0.0626432898218932,0.111252678973551,0.0714501908005766,0.108179328231073,0.0459419996965352,0.1188726942156059,0.0820920672943683,0.1080487900645583,0.0567635371861481,0.1296672467624059,0.1050881769532841,30.77985151626413,0.3281286810823321,0.1121154645482488,0.0958122294618259,0.0747504549699343,0.0968051190154851,0.0723734494958457,0.0900132142265481,0.1227651434710999,0.0728673397280015,0.0694810439206839,0.084866857931105,0.1081496832312213,60.97095193066584,0.3978460575948007,0.109394888896932,0.0767566666962515,0.0846061857748851,0.0851614961160203,0.1367524363070096,0.0724521166560169,0.1020610914534708,0.0604027011227475,0.1162733730844153,0.0588972325638029,0.0972418113284475,146.32022003690517,0.6608270215434033,0.0852498019605898,0.0976999380361958,0.1221226174207801,0.0779982920761123,0.0699260261858312,0.0913559777813263,0.1046558631634678,0.082954213909121,0.0929254142301955,0.0705749484555761,0.1045369067808037,45.65827045368682,0.8106282700899917
36,0.1093978830727774,0.1009066617871147,0.1013128116648896,0.087117927215781,0.0723107220851517,0.0918212322025043,0.1115479963443592,0.0946155048148118,0.0660969709623938,0.0752509348420067,0.0896213550082092,3.548001676122837,0.1597259780780968,0.1140368609673783,0.0530101735638506,0.0784384096428757,0.090664167818964,0.0918238784555162,0.0812647621538682,0.1120700624600392,0.0939717398116653,0.0933546773124608,0.0886398218512112,0.10272544596217,6.082282905266748,0.1892772801344877,0.0816629615949718,0.0825642221609035,0.1322208944476345,0.0562624435028943,0.0937646373423346,0.1432829518738009,0.0907920589656868,0.0970203802340275,0.0891135495214612,0.065519962962107,0.0677959373941773,57.88176156770327,0.4968768132406255,0.057479575855768,0.1126918445892994,0.1106947984691559,0.0491265865685489,0.0849667484689412,0.0776336527726368,0.0953329083731839,0.1468693058917765,0.0490472696323516,0.1167761303978072,0.0993811789805301,125.50228661711752,0.8918840954321091
37,0.1039325293422252,0.1076711903768434,0.1350626450029459,0.0650138844700961,0.1014483002599551,0.0642752512756652,0.0427375656292606,0.0874838738930562,0.0937501059733535,0.1121770338496769,0.0864476199269213,2.279783857450421,0.2906207518374831,0.0820322737048014,0.0818076346008838,0.0744293032693135,0.1299275595276182,0.0578400593220574,0.1089656006898839,0.0954791841474909,0.126420661130895,0.0741969623895761,0.0729490747986366,0.0959516864188427,2.536691950421255,0.3200652826683982,0.1034825765478258,0.0795418491120267,0.0747122050123279,0.0794138396024598,0.0850161563664551,0.0944996859542616,0.0808914414726753,0.108006022416869,0.0971396568832708,0.0964565916024217,0.100839975029406,22.63474167202661,0.5264008315361454,0.1358216825801046,0.0627099756357158,0.0781463636968516,0.0721805859620096,0.0988722204591542,0.1193821413979529,0.1046934197454566,0.097767085731996,0.0949452951240877,0.0599527847235281,0.0755284449431425,117.10772809380268,0.8545048313481606
39,0.0872609650177401,0.0772864198980664,0.0765283721311445,0.1567379046122948,0.0458903956315924,0.0762242883584133,0.0968412289991545,0.0994316275385009,0.1107456717681674,0.1022054766394053,0.0708476494055198,5.482693811745034,0.3165227923335043,0.0577402778270925,0.1317292545967728,0.0948655525684881,0.1330790082121309,0.0620280478496465,0.1153717371391577,0.077097806077622,0.1020376177615548,0.0432782405344496,0.0962708351055563,0.0865016223275283,4.57278244540433,0.4462145364751329,0.0692565840117012,0.0879819065428229,0.0876866843851113,0.0818534468271243,0.0825648646713123,0.0950424931441886,0.0766030059571881,0.1619979528726589,0.0966894189329262,0.1028826315365177,0.057441011118448,30.407031748729334,0.4852417220967627,0.0847204506806597,0.1149506865738683,0.1112493675978286,0.0803132463358612,0.1155088420278929,0.0838353794727387,0.0897773299032105,0.0882648769708069,0.0756925567503872,0.0782131998431393,0.0774740638436063,58.77133277016829,0.6952736801545004
40,0.1239662984518451,0.1430737681556384,0.0746030677515788,0.0502432461746038,0.096439490770991,0.1181656750324719,0.0703924622695478,0.087074138967396,0.0620475272354912,0.0948523934358228,0.0791419317546127,43.60694746425156,0.1758684171058605,0.098758657225154,0.1123581972108986,0.1093063790374974,0.0764905160737135,0.1099199235816598,0.0894596194210922,0.0782438238979924,0.1266091630104556,0.0482394024636196,0.0912104261976724,0.0594038918802441,22.02845411014447,0.2514021046018824,0.0744590088367291,0.051819835407255,0.1126043448225585,0.0755427383477731,0.1011333190679773,0.0846843241067897,0.0801387468648503,0.0877430750865362,0.1299547698662528,0.112330080483467,0.0895897571098106,19.777580599404725,0.6437785848358537,0.0903522648375506,0.1203358833116313,0.0751099720088656,0.1166660377233009,0.0763631062167854,0.1013577118336602,0.0973565263765257,0.1044293974240642,0.0396200354276951,0.0819779921885144,0.0964310726514061,75.88464070874467,1.071162802435588
41,0.082647620978637,0.1066115446047313,0.0933774919413035,0.1191594465249511,0.0605260815844777,0.0838313687939614,0.1069207665641711,0.1079766603674091,0.0629569002184196,0.0762904096238731,0.0997017087980647,17.17481714693727,0.1838506659280666,0.1134545140890088,0.0832269590559739,0.1018417882554267,0.088281984869729,0.0885728405484223,0.1290743317245916,0.0530005703972515,0.0817336712063474,0.0543452503930588,0.1182641495864886,0.088203939873701,82.31307133921656,0.2783985552346829,0.0609974671097068,0.0786817180510105,0.0784893268284551,0.088418486785921,0.1062306177186866,0.0834427023057037,0.097371180791484,0.1142928984623796,0.0984829830095223,0.0774294062656814,0.1161632126714484,141.0374614713356,0.8165147989063719,0.1010912005391475,0.1495931654411563,0.113946610962228,0.0343764720847276,0.1252763138461949,0.0774787892908385,0.0636058887705882,0.0642800591251971,0.0867604812088481,0.0896723914022708,0.0939186273288025,122.61739356280214,1.1793156564760972
43,0.101227000922414,0.0791369756423877,0.0870682004730495,0.0688995631646802,0.1501834020290301,0.0484030157202005,0.0715046559558412,0.1200886641353275,0.0738535439900163,0.0733022627196487,0.1263327152474038,1.2947053914741031,0.1955754646861749,0.0937468995141382,0.1247519344138265,0.0852207791659875,0.0933590276508155,0.0685170774751196,0.0727098452402425,0.0815487162116062,0.0686989257108187,0.0747560317774934,0.0806952571481601,0.1559955056917914,1.003934956642673,0.1305586168039859,0.0880242258595224,0.1248815743206938,0.1259481942859578,0.0994004204328372,0.0735020851179319,0.0722373203872907,0.0753705579666399,0.0704900972944372,0.1077068446135887,0.0817183787344403,0.0807203009866596,77.07378955877392,0.7189833719318154,0.0892231235898333,0.0819380159803484,0.0926210786495419,0.182077884471988,0.088294439188198,0.0591240684144639,0.0786673241219654,0.105944002460612,0.0805847366805871,0.0520560994732732,0.0894692269691883,65.4069909528747,0.8934191160001418
53,0.0819162704575166,0.0496301640360748,0.0954911366786698,0.0911352243662226,0.0854467541392213,0.1156666054057703,0.0661909988998293,0.1163530761395135,0.0765364633860017,0.1107998980708929,0.1108334084202867,5.237685057444584,0.2540990563766902,0.0670219609895355,0.0954395340452505,0.0797731131083363,0.073128148818329,0.1136952592005234,0.098460024294615,0.1043869162685646,0.0805247095689486,0.0924079831488982,0.1010801518144585,0.0940821987425399,3.877237893683912,0.3425478507274946,0.1056313451675067,0.1207417367843182,0.0659347361910653,0.0898537120759271,0.1040906644668104,0.0935144527767912,0.0753721164109813,0.0829004185495699,0.0822419338908259,0.090474084816297,0.0892447988699065,106.2668301570414,0.7046632310537465,0.0985846889766227,0.1114072828379295,0.1200816863597023,0.0641339791599415,0.1132259883632004,0.0924999052647174,0.0543400278142164,0.0867856337768309,0.1097406051414297,0.0766632625176595,0.0725369397877492,60.42678603101954,0.7661579665739544
60,0.0917629829201426,0.0988270819208149,0.1038556042497417,0.0970680931099071,0.0840991024868255,0.0639985830206411,0.0752423406430552,0.0811033785959429,0.1162303464502576,0.0801417061100286,0.1076707804926424,13.672421641641767,0.2411192600592135,0.0911395598813678,0.0984435597717598,0.0844202902340737,0.0910377889620426,0.1175001025358522,0.0768235070798785,0.0575451447789792,0.1244759442167084,0.0661587819830414,0.1058114675529197,0.0866438530033761,45.818794498063006,0.2375732566990217,0.091473879186004,0.0797623225303229,0.0865341108990097,0.0618511441738948,0.0829265947210576,0.1101627676880463,0.112592210511403,0.0666541231869832,0.0878602748218407,0.0995168747103977,0.1206656975710397,48.28549682055678,0.5616203091634836,0.0,0.0,0.0,0.0,0.0,0.0,0.0,0.0,0.0,0.0,0.0,0.0,0.0
61,0.0515322871438039,0.1007889063764047,0.1210707804749309,0.1058221514867704,0.0820140555573114,0.0728292875483362,0.0535233104611966,0.0813561043536094,0.0975345091718804,0.1212861245814468,0.1122424828443089,3.893399005121575,0.1592841435595695,0.1041488884384227,0.0950482072541109,0.092817751500826,0.0870290183351775,0.0806714363430022,0.1122692614673586,0.0940211801615333,0.0756593460120924,0.0583861504008665,0.095818939154392,0.1041298209322176,5.298206222169853,0.1956270021726238,0.0584078547489397,0.1134783384107874,0.0744530204586005,0.0603746580734176,0.0971809183355339,0.117544133834815,0.063114295336109,0.0967267313846392,0.1076620605853535,0.1199933756651806,0.0910646131666231,104.72646833912404,0.5148503084511086,0.1116190460276566,0.069519163699451,0.1037604997956439,0.0501935958754093,0.0649057683112153,0.101168223960099,0.1036575610013869,0.1025651916429283,0.091788438410382,0.0861200302712666,0.1147024810045606,103.9431892858986,0.6428329001090924
62,0.0769125809058108,0.1160912534617754,0.069497176904641,0.082764950848345,0.0667030804325588,0.1456066279916487,0.095561183820568,0.1177256777769409,0.0755644236764519,0.0491168903441975,0.1044561538370618,26.111200822102223,0.2922008065263915,0.0753621884874721,0.117421444707703,0.123827997027775,0.0828587676420189,0.1022109453160256,0.0840243794895699,0.1196643971977429,0.097165546964654,0.076397530266042,0.0526432841771916,0.0684235187238044,58.864229014342776,0.3531906250230027,0.1381317576177103,0.0699831799120767,0.080639895640741,0.0787008281504444,0.1146869175914935,0.0403628893449808,0.115374611294629,0.0534474634698609,0.1138173478633809,0.0988767363169372,0.0959783727977449,157.1030545595569,0.96899668825012,0.0938869641702867,0.0496519106989781,0.0767166869938532,0.1234717659331007,0.0868108449602648,0.0972666318553576,0.0638265902614202,0.1279449350364762,0.1167012244666294,0.0676504160301659,0.0960720295934667,88.64923101711207,1.0908160381886969
66,0.0881152613647948,0.0863725966335418,0.0906407368432588,0.083825767642763,0.1187758429872111,0.0856245271770208,0.1206175170563017,0.082486813754731,0.0351359504402552,0.1136887553845188,0.0947162307156028,65.22347291806413,0.2309742593546183,0.0785118810961437,0.1054397262723521,0.101527744724094,0.051393947906022,0.1007445650823892,0.1487059279336631,0.0298777197398106,0.0814532879495202,0.0757955659473448,0.1478140644173758,0.078735568931284,18.27360416422384,0.2343694646191881,0.0915360166065022,0.0633268021613436,0.1156178528066381,0.0993317173309975,0.0981543191283327,0.1131031834034665,0.1007848913757561,0.0946211176782648,0.0792804014502388,0.1100012744859713,0.0342424235724881,50.15690059394165,0.5843740547026328,0.0333315887132884,0.0985814963728137,0.1217673195122738,0.1139999697922276,0.1121667193081735,0.0804551891742208,0.0897727444368073,0.0805869838911518,0.0744658660575813,0.0734842051495293,0.1213879175919319,127.8548354528074,0.8571113531523125
69,0.1192654805204694,0.0913691074925849,0.1260846375067205,0.0774930197319124,0.1290573951432411,0.0945721154022054,0.0595388673273205,0.0412106921400835,0.0973622211459841,0.0720741149193992,0.0919723486700784,1.261192046094876,0.2253709487788624,0.0779717179672284,0.0819647475344881,0.092045876475566,0.0791892871922856,0.0667221147673352,0.1234678601941657,0.0966684357292099,0.087134560534506,0.0912710331648236,0.0896654304998785,0.1138989359405124,1.8198377900018328,0.2404249566181809,0.1294445153838237,0.1248588542097376,0.076300509023343,0.0431615105460304,0.1073691995965335,0.1177346548654917,0.0592893592381604,0.0948818827983752,0.0829560783445197,0.076008902177726,0.0879945338162584,57.2758022062254,0.6108650952046837,0.0821619153107848,0.0956703914310355,0.1445702881703924,0.0677684507175281,0.0615619008187913,0.0677377578197459,0.091351436752089,0.094734326337126,0.0710366357871786,0.1135739018107825,0.1098329950445454,112.6511462058782,0.8316710365292636
71,0.123248227404897,0.0922122324566774,0.1180245485391856,0.103541921708335,0.0506771673092587,0.0859170948226747,0.1003637967101044,0.1067329777545603,0.0516252652548789,0.0704785521682659,0.0971782158711618,29.84272769959893,0.2315075411942919,0.0977573192974373,0.0639330317917346,0.0989057364327918,0.0952041607840658,0.0604514374052821,0.0675536514934836,0.1293762684680771,0.1328358942964117,0.0956308216030111,0.0844177296295935,0.073933948798111,24.438401401541444,0.1885135604162625,0.0879251300891065,0.0888933315296291,0.0933611058830942,0.0874508721605015,0.1114468433540572,0.0627424039104978,0.1238442487292768,0.0857909140502908,0.0770442731406607,0.0910779472933492,0.0904229298595357,71.96000642751325,1.2513878843713282,0.0928005405898982,0.1132329005934165,0.0977532289740675,0.0587035884104698,0.0955118279463047,0.0968836739744127,0.0494398268692724,0.1205467192850247,0.0690179477251545,0.101525378893889,0.1045843667380895,142.44759041300517,1.1688092737764586
89,0.1049771991349951,0.099091548046464,0.0928642643913134,0.0540472191225168,0.0858273795784759,0.064843489460308,0.0724411217089596,0.1472884008562179,0.097703962276925,0.1042823183923946,0.0766330970314294,1.3420142396610604,0.1995933702664968,0.120694679239105,0.080136973837184,0.0760860633584445,0.1213609443685581,0.1132077857792252,0.0838831826792015,0.053529220598322,0.1057964967179709,0.0964687551375245,0.0674542349589977,0.0813816633254662,1.797550271568655,0.1887265514380974,0.0695789638584052,0.0908443537897003,0.0384011928975597,0.0944813494517517,0.0979674689312534,0.0673042153954436,0.1063827929743131,0.1062007407856569,0.1217789444386961,0.0877647553860432,0.1192952220911763,77.03736099760384,0.5883986080391468,0.0810986460799487,0.0873239721804317,0.0780072334673099,0.0806445387833899,0.0932138547763682,0.1340251228074752,0.0924723300649658,0.0872226493958813,0.121098500355417,0.1023736480758126,0.0425195040129992,38.97202373298173,0.641920338031239
90,0.0776668264017467,0.0782889305940883,0.0808609221134144,0.0853040289198411,0.0893224008742512,0.105484355205686,0.0561034775129768,0.1235236968322756,0.0869491305926249,0.093444162979363,0.1230520679737315,7.0610992141285225,0.1727352733625091,0.0865154108364164,0.1110425286767789,0.065169864723481,0.094263342580768,0.0807380470790928,0.1304990836187998,0.0839326352286507,0.0596415353525396,0.107220365290158,0.07194929862719,0.1090278879861242,2.6788363921957283,0.2918302878399242,0.147576434244467,0.0813722308115427,0.1297260161156794,0.0983125356865875,0.0878281611817546,0.077143291235034,0.0837306939839197,0.063548264942793,0.1096109551166995,0.0747593975181612,0.046392019163361,12.261040125350316,0.4396086104031847,0.0370877660450614,0.0907976677004058,0.1264124451808289,0.1041235457048614,0.0951718541913271,0.096367600547758,0.1097161294389403,0.1051724516273015,0.0636266757064622,0.0692438268617996,0.1022800369952534,29.649407989475407,0.7304826269864839
97,0.1287432736382979,0.0707647862504644,0.1137616083211497,0.1306618194081641,0.0232737462450036,0.0843323484766737,0.095822341196601,0.1415345743454883,0.0612726581511779,0.1090228222999443,0.0408100216670345,30.464746963536204,0.1363719650121189,0.0992002788609942,0.078784232348111,0.0529073637028358,0.1086343722649981,0.080141227018257,0.0793110542812737,0.1300978730978159,0.101437134429709,0.0867168373088725,0.1046309236942826,0.0781387029928496,40.98922845648477,0.1409108282393097,0.1153404544914668,0.1239163011095881,0.0826194150479972,0.1232848240066102,0.0946611774114277,0.0940055112807194,0.0399067601867919,0.0434997325563977,0.0962487703509889,0.1292580354044549,0.0572590181535567,109.30442221212049,0.3482933117040541,0.0968680072884421,0.148974408796098,0.103880799727201,0.0802625786664071,0.074925828476461,0.0517828270068875,0.0609790130687585,0.094767202564727,0.0667791841538557,0.0962754363029691,0.1245047139481925,124.06567491485082,0.622341359012696
101,0.094435103479183,0.0712165710154387,0.0618160036461241,0.0545120065777228,0.0733480930937221,0.1073939964359039,0.1035115233385698,0.1183078517610444,0.1394244215737734,0.065349485418188,0.1106849436603293,54.492529983160495,0.1593574629083466,0.0851600166922515,0.0526526822739281,0.0669556045131052,0.1008095299939594,0.086594849694178,0.0812597009490464,0.112214018002484,0.1394354797206919,0.1286201381396982,0.0780358631135073,0.0682621169071496,53.39368216823808,0.2043472258251407,0.0878894456993405,0.0850229303019168,0.0677702712291545,0.1007697194923353,0.1075715875342066,0.0817601668812178,0.0966068548643188,0.0969243450895993,0.0958171298388964,0.0772878434141843,0.1025797056548293,100.83261355031536,0.4824565676070163,0.0565599989150701,0.0868725429561338,0.0823119443639551,0.0976717244763153,0.1012464277709315,0.071643401119303,0.0608644510379866,0.1192911109593734,0.1239505410603542,0.1166422169148619,0.0829456404257146,156.56624119630484,0.825704842283075
102,0.1020793349386959,0.085068692759165,0.0849365489445585,0.0878416926419452,0.1210266093176692,0.122894063127882,0.0658482072472896,0.0964565579928123,0.0971838652470877,0.0694306147999793,0.0672338129829148,7.778620607590746,0.3942092891924444,0.0925379651389226,0.0454637690684772,0.0982666289723801,0.1179164859423935,0.0516909538127629,0.1175298597885953,0.0985978777323488,0.1116001290019421,0.1034915198832193,0.0698526175683366,0.0930521930906211,8.781132100765555,0.3391013694077485,0.0786622202368773,0.0869781652094561,0.1094150753747053,0.0878020935254382,0.0783998114586823,0.1558286915400916,0.0889246477021313,0.0868351993082985,0.0585673855588404,0.0966519808661276,0.0719347292193508,148.90433784842284,1.13691665532853,0.059885657297784,0.0784089299523965,0.0884075746690901,0.0918394318384281,0.0898607880923609,0.1475894601082172,0.1121456633429251,0.065791656808216,0.0974712492344349,0.1032490324490308,0.0653505562071159,171.40866987864047,0.9589611045138646
114,0.0701478225519833,0.0921676099623544,0.0830941907729092,0.1214103454936984,0.1159689254180963,0.0748105853028189,0.0959468619015696,0.0859171252125346,0.0936711008567739,0.0909672757648026,0.0758981567624585,4.5529872174889965,0.2071195397851861,0.0983786065113214,0.0753293276118211,0.1004645142856262,0.1199995315797199,0.1323993555070497,0.0750377708999999,0.0685632469159399,0.09329351432337,0.0472781047863939,0.0939370482707029,0.0953189793080546,68.25344550172859,0.2816048623177376,0.0680536389461549,0.103815043343887,0.1088467311164819,0.1017107342468307,0.0931479121211142,0.1265615900070736,0.0620388960458534,0.0610039296602648,0.0859670758463578,0.1069514614782526,0.0819029871877286,90.85492536757368,0.7963924987809006,0.0669640332041496,0.0883270754368386,0.086814288508786,0.0631103310067272,0.1152479181453183,0.0949304533953161,0.0853420551330045,0.0917360683507194,0.0930377192523438,0.1164282680296016,0.0980617895371945,118.790702778479,0.6087124667476087
115,0.1185953004612895,0.1099376692662272,0.0928084048695087,0.0678008796323099,0.0681493957603949,0.0970025306790858,0.1228611625756299,0.0750315584127858,0.067387087868542,0.0818126557564173,0.0986133547178087,5.825155299458757,0.211994387591614,0.1055291545920464,0.1188652788194958,0.0832182970273473,0.0735608744821195,0.1082046733433567,0.1083074218653587,0.0593201144507677,0.1064908196749686,0.0787395264224423,0.1050167468793497,0.0527470924427469,11.557177725474803,0.2588209924368044,0.1049977223608896,0.0874022839185316,0.0786146340064466,0.0914301512959502,0.0925015980160957,0.0608205665897753,0.0724272058270403,0.1039966437990619,0.0738739365000627,0.1148702158087914,0.1190650418773544,118.03795346735664,0.5447795645503765,0.1090310168739162,0.1425225836720831,0.1052681118905105,0.0718401377321735,0.1044340897753764,0.0994426463443541,0.0691205487017394,0.0393819530929418,0.068291568178265,0.0899726622897442,0.1006946814488952,125.50755553601846,0.8154440167430453
117,0.0842252857887478,0.1171498257162895,0.1075025447115172,0.0804018862833188,0.0246063403571974,0.0859190304766347,0.1433914548868082,0.1063546715902815,0.0374401029632598,0.1450174930804771,0.0679913641454675,1.613412120129747,0.1459914150699721,0.1602394942797347,0.0801413508567987,0.1168268499734801,0.0961851841354498,0.0712983039836519,0.0779686046342571,0.0750456182106838,0.08862586559049,0.0793678917587919,0.080002690114426,0.0742981464622355,2.5717775929297235,0.2309355625326244,0.120547126135281,0.1038129974954506,0.0686601108735597,0.0915359581592307,0.05961364675788,0.1185061174781068,0.0564415539966414,0.085690895660201,0.0676200007258056,0.1178712136151859,0.1097003791026568,5.526822506840728,0.4739806051261578,0.0886150342566312,0.1146261510086157,0.0888466570575762,0.1030635586956659,0.0834220374067398,0.0878044624066829,0.1075260038907566,0.1228873721779985,0.0473578355858216,0.0804650881360102,0.0753857993775009,6.351389012272051,0.7369397128789433
118,0.0885947306125868,0.06132382150296,0.1082435924324799,0.097904271988995,0.0709988039730857,0.0839327531865641,0.0575842284512311,0.1525217537770095,0.080581437150832,0.101297053631379,0.0970175532928765,4.976776047383004,0.131555231348259,0.078276077433034,0.1083552398578109,0.0803703428569039,0.0733029050052937,0.0908493512799084,0.1004657637606409,0.0493569932907803,0.1285250674730541,0.0610866034397912,0.1162907647575508,0.1131208908452313,3.316214797042789,0.1939505680942606,0.105995154512521,0.0785004807114763,0.0920534469433503,0.0583280296420363,0.0744486488398613,0.1157808553776381,0.1079507775998054,0.0683239955952827,0.063053236834387,0.112630427641352,0.1229349463022891,127.9061239424546,0.5544855854729503,0.0944494315567893,0.1467919630751928,0.0885842565258923,0.1204075406747677,0.0301770666417825,0.0950405188738808,0.0803370382783304,0.0745009429895464,0.0663187646300634,0.1156863867384151,0.0877060900153389,147.64248883703405,0.728826094638911
119,0.1157257744945044,0.0915256811562307,0.074270970674619,0.0906071262084228,0.0837830529479571,0.0752948576101098,0.1326468075482677,0.0912569084478588,0.1043116446039388,0.0799726279516307,0.0606045483564597,68.98893536592097,0.1483424427845681,0.0761248162811902,0.1101019003593808,0.101948254598501,0.0538974966333045,0.0958452445885439,0.0843081343599496,0.0980471458636841,0.1287351124824101,0.0473553984655327,0.0845266904731459,0.1191098058943565,36.18857324229065,0.1909873155895707,0.0759924041153076,0.1048852400988169,0.078650121932787,0.0998886718547168,0.1175483236956684,0.1350848639323264,0.0711045982306107,0.0657181675396425,0.0784222331396307,0.1040428768925548,0.0686624985679377,14.175166548164944,0.4214976842602727,0.0729908395822876,0.0837248905018292,0.0713235942809153,0.0744755317566558,0.0708037142357772,0.090078535254399,0.1113666878329478,0.1342645277340077,0.0915964777081677,0.0990418286635335,0.1003333724494788,35.91653534565318,0.6504902100141062
122,0.0864889244866877,0.0500548651663441,0.0866671210966205,0.101756735034581,0.1072777315955879,0.0818840923826337,0.0750152170064214,0.0866257834448321,0.1253117312488384,0.1212490072897841,0.0776687912476687,19.6183574377057,0.8216002229411522,0.079637554606649,0.0572131884965316,0.1039275680414918,0.1205200917690937,0.1039014777467477,0.0916875032426517,0.1006008868028923,0.1023537354961752,0.0555705467172021,0.1093020692761139,0.0752853778044502,8.760541417078963,0.606913566914598,0.0,0.0,0.0,0.0,0.0,0.0,0.0,0.0,0.0,0.0,0.0,0.0,0.0,0.0,0.0,0.0,0.0,0.0,0.0,0.0,0.0,0.0,0.0,0.0,0.0,0.0
128,0.09427406430985,0.0565928117437682,0.1076163279758091,0.0964526858712534,0.0597091787197546,0.0746952302426626,0.1083059516288751,0.1061830831502998,0.0846807933672242,0.1038579925966411,0.1076318803938614,4.325194753953157,0.2383990822686512,0.0423716967194703,0.1196031611132744,0.0827551573594232,0.0891343082708795,0.1113773500007937,0.1114814031099419,0.0859339345593001,0.0916946788437057,0.0695853379413887,0.0806398937156838,0.1154230783661384,6.340695444214368,0.1594988851843612,0.1101163799704141,0.1002945532843163,0.1057652048924765,0.0815921956486037,0.0790780694835371,0.0959606212167668,0.0776660500091082,0.0882634395074463,0.0723590104529473,0.0910722357041994,0.0978322398301839,103.68768029763343,0.5310945790815087,0.1012591558035433,0.0663136344266788,0.0965988474477402,0.0904382206965223,0.0976019600361525,0.0981050868888839,0.0647274061469046,0.1042778024361155,0.0954999637445502,0.1055517717133911,0.0796261506595172,97.15223320170504,0.564060788700767
133,0.0558499378866194,0.0877325743563674,0.1188196205432469,0.0769697520677646,0.1161499594006954,0.0579689153370691,0.0595423003439622,0.11891479945032,0.0871764149629598,0.0807778595413798,0.140097866109615,6.080386108376348,0.4865102529375701,0.0793974453945547,0.1017328243439341,0.124496952699177,0.0752009623362584,0.0673405787563865,0.073285355175764,0.0708939486580049,0.1111352040327877,0.0746758597433505,0.1025897061979728,0.1192511626618089,12.775651325969998,0.3743583628070343,0.1113825683488794,0.0745269402300169,0.0682105317108993,0.1023892741197339,0.0932759611620079,0.0909260925881936,0.0755111167256986,0.0841410310003015,0.0791816211671658,0.1048785471718986,0.1155763157752041,167.0513341223281,0.8972276089186059,0.0931092318916148,0.1177752060534529,0.1002638452281567,0.1114581706068216,0.1041199784977699,0.0510488219684901,0.0992951786369441,0.0562104598722195,0.0733577773914587,0.0781884786331578,0.1151728512199134,149.4898529530582,1.1716537068182056
135,0.0735049591812569,0.0971326863332543,0.0714188317851958,0.0922251429412459,0.0834743369292646,0.1106383468550193,0.0988771074488452,0.1152059129337925,0.0889546708691227,0.0917115907932392,0.0768564139297631,53.88908339157345,0.3350918803710446,0.1107452717752917,0.0862051270745523,0.0787385546974524,0.1010705781784773,0.0519863607533681,0.1440283993760805,0.0702246326172925,0.1398642894846127,0.0527600069304659,0.11266010828097,0.0517166708314362,109.07281084250974,0.6055201616698221,0.0663754718105538,0.0838931328392366,0.0814369554402609,0.0929429444507545,0.1125744400229373,0.106032306429641,0.0928943633238099,0.0812580343499365,0.0973787466394172,0.0863597689199017,0.09885383577355,121.64366035413668,0.6457973872770842,0.10498937290561,0.0920393189161114,0.0961990051772472,0.1355058852329871,0.0520994083444356,0.0942169845635659,0.0664882273820686,0.1554405316030218,0.0837367806819939,0.0473675504171982,0.0719169347757599,130.94005375903774,1.3012496767860806
136,0.0995433575243295,0.0792818335535259,0.0979625597970072,0.0789014056519666,0.0902572776950986,0.1175223566349922,0.0953357896906767,0.0720587316788155,0.1053773023194153,0.1115497012560096,0.0522096841981625,3.088894836730559,0.1944925344262314,0.0711594194024384,0.1029180881726415,0.1044461104899182,0.1275568467846216,0.0740907006246886,0.0987415050002867,0.0637185877300867,0.0649933792994828,0.0714000773596369,0.1365073108162999,0.0844679743198983,2.0837098156265315,0.1777819384868135,0.1017750212784626,0.1094902059805068,0.1065333236899444,0.0508356001852163,0.0835493448244021,0.0748291212430273,0.0806899231531116,0.0991509985716091,0.1046612570462766,0.0671607706357445,0.1213244333916983,84.51407814060092,0.5208567648127587,0.0896710982961552,0.0929279906858292,0.083683635538234,0.067670745380785,0.0617960464680063,0.0646828498568263,0.1061491301098421,0.1387200272909457,0.0601267585332846,0.1083153414633606,0.1262563763767306,77.62360074942332,1.25433170852228
138,0.1116087280234679,0.103346451633125,0.1116070187329339,0.0686008564628154,0.0914775375527195,0.0593924256550466,0.097647241661712,0.0937510901020478,0.0920921767212779,0.0977907759122548,0.0726856975425989,2.4696870025484787,0.1394631989421799,0.1081530956066372,0.08559533032028,0.1023859066218539,0.0739603339045347,0.0480614338385369,0.1259860270331052,0.1166732275156872,0.093830303356312,0.0908568974040631,0.0857875064033075,0.0687099379956818,52.173263367299775,0.1884156650451811,0.1117660241388576,0.0766837347298155,0.0405321581562074,0.1091945041127698,0.0512344530014795,0.1259258527784831,0.0826753821250416,0.0823223785171268,0.065478822141384,0.1274961050036671,0.1266905852951672,66.2669164245239,0.4441668082794298,0.1131340312329431,0.1643312711577992,0.129841511856541,0.0573865738312901,0.100585556528463,0.0782233485230427,0.0514952687342193,0.0894883302836146,0.0713738295301972,0.0932636295506378,0.0508766487712516,148.50697839460676,0.9375433647137408
139,0.0804253851661756,0.1134823292665266,0.0623637214927017,0.0960043282723051,0.0860543312591645,0.0785560298824549,0.134343527013276,0.094267140562317,0.0996540895468821,0.0853096219451465,0.0695394955930495,23.407908933248024,0.3562620010866002,0.1329242048295011,0.0742793167895841,0.0973366611179176,0.066239958512792,0.0647359514045086,0.0889182672846531,0.0918069879270419,0.096637054686836,0.0890042906182383,0.1095764343099869,0.0885408725189399,63.20512100610495,0.5174013168200035,0.1204331874574838,0.049668401972007,0.1572909567498102,0.1113904845711047,0.0693216540573864,0.0983673375464036,0.0598300883283987,0.1005942556572027,0.0850944107673204,0.0861559411569417,0.0618532817359404,124.79621224112434,0.64471446521081,0.1202663593940489,0.1058670993587862,0.0971343123255659,0.0650119620850196,0.1105460675337221,0.0541526990497663,0.0809766961908071,0.1051757196027442,0.085136132113089,0.069600779175843,0.1061321731706073,96.23574890296696,0.6918679870449834
141,0.1163212944577152,0.0902205526662655,0.0781629090291898,0.0698541518988257,0.09357211893334,0.0935210001585932,0.078610745993181,0.090043784795002,0.0928027536310965,0.1172704431822788,0.0796202452545116,36.26029512867888,0.2352680193825451,0.1091973114899975,0.1117984412660629,0.0684926102789257,0.0542441901077,0.0934225303727119,0.1416362924336614,0.0856007965784107,0.0674674910153348,0.0619738292076101,0.0915477790650479,0.1146187281845365,26.489991503360084,0.1908281913959933,0.1249450171952009,0.0897784148894824,0.1060725986875319,0.0825461983987184,0.0534523855787422,0.0759437317817484,0.1164826696683159,0.0829703734792929,0.0900119723057181,0.1000215109969888,0.0777751270182596,133.00262765064107,0.4656056070585233,0.066634460109836,0.0857262386533489,0.1108428987804979,0.0663211118598124,0.0780845937247157,0.102206397708062,0.1323052619027169,0.0965061564354802,0.079436168062701,0.0699885958039496,0.1119481169588788,127.2278361750372,0.9626984247081304
142,0.1207331873717322,0.1440298002213689,0.1157740426166492,0.0896034439313675,0.0601373058488221,0.0745705643871699,0.0630878986750542,0.1005758449040313,0.0680576037725168,0.0816826707168855,0.0817476375544018,3.7896443760852976,0.2517901205281419,0.079231650822497,0.1393737673195572,0.1081411875031728,0.0676391625045323,0.0908145184317478,0.1142563840179112,0.0507541079903965,0.1345482827834558,0.0424637999210238,0.0678679364869226,0.1049092022187828,4.940157260529023,0.2684251390436163,0.0879161170477826,0.0991564777230466,0.1193832523909009,0.0991860719236422,0.0649590849415487,0.075124037984993,0.115728712776285,0.0784503544022175,0.0998649595896352,0.0848733701807434,0.0753575610392045,72.81222228620197,0.5775068533970823,0.0605019297313272,0.1452471625437363,0.0711380417970099,0.0894828960364429,0.1049662950666886,0.0772088941567628,0.0893001254419874,0.085978125615398,0.0965355503775021,0.0755531486867326,0.1040878305464114,88.04066953135161,0.8305892971317812
144,0.0945199275522615,0.0906319773235322,0.0944765637267686,0.0727964777818189,0.1041325715347566,0.0863654718261475,0.1213009248348117,0.0735302115244046,0.0625902017093794,0.1128820406353394,0.0867736315507791,4.416751190409498,0.2238126162711554,0.08472228347757,0.1133742053423077,0.0828801318346531,0.0654239704775698,0.0697434692456573,0.1148626113032208,0.0786903032559545,0.0764167874011685,0.0817986814390098,0.0912517196310006,0.1408358365918873,3.7805710661572474,0.186786518402594,0.0710179513809257,0.0774017525404253,0.0657967847158742,0.0759066965038676,0.1201293747122402,0.110287475029469,0.100175371718003,0.0844785667841058,0.1103451396151753,0.1215388159693302,0.0629220710305834,138.2266620711786,0.3409076332265648,0.0663323765982911,0.0922471636350598,0.0940491122063779,0.0445187872265896,0.0524871718236064,0.136685114828383,0.1106465801292631,0.1357338545099103,0.1362920837164743,0.0529123990368614,0.0780953562891828,80.34066065509388,0.5142931025306233
158,0.0678521839537654,0.092679767924592,0.1003446714211929,0.1139849573510937,0.109310386804189,0.0909221891463313,0.1082611285278544,0.0758852648660483,0.0534217864495214,0.1053610613396855,0.0819766022157257,84.53914652077279,0.437836361748635,0.0707065953933816,0.082804282298367,0.0782376220969432,0.1154091858243658,0.0977456106528471,0.1006259192651579,0.0782118395747343,0.0763577907501492,0.0890088549433064,0.099918346607058,0.110973952593689,95.43586539997716,0.5802897331698743,0.0687837756577169,0.0977389216500487,0.0944342326264946,0.1217210513681122,0.1151696805712791,0.1040896321030907,0.0888169447094665,0.0990262345598108,0.0745752694079242,0.0893819690830087,0.0462622882630472,43.912897255366346,0.9673264019300432,0.0489829985725565,0.084428791621326,0.0850695417199903,0.1020496472741156,0.0786212909190506,0.0973981125741066,0.1075994877633669,0.0760033786437185,0.1028318545064547,0.1363458858907753,0.0806690105145385,131.6897813856779,1.00230077522293
160,0.1106984668868898,0.1018411574493912,0.0652081598023916,0.0747574048826279,0.1350002317695992,0.0972439559867005,0.0762495647119011,0.1317009415165009,0.0641362800733462,0.0660194012400283,0.0771444356806229,10.860705738129576,0.2141008824714362,0.1143511328746587,0.1017105547770972,0.0840594011551454,0.0503311918028711,0.0595113608518193,0.0645002729257065,0.1289891598014292,0.1134114846297167,0.071668958202662,0.1281522261564192,0.0833142568224741,13.903333423990889,0.154585542393221,0.0685251270366908,0.1529672590505991,0.0756265292608366,0.0993050994727166,0.0739046930733393,0.0754124269889113,0.1040151638454944,0.1256144618007312,0.0864208599336244,0.0910680233068884,0.0471403562301676,7.80241259550327,0.4297434771397441,0.1097399354659572,0.0777096027283734,0.0957375529764145,0.0663513320307689,0.0725745860442318,0.0878150963435769,0.1444305858139536,0.08086847612954,0.0644413988029847,0.1104317174608369,0.0898997162033615,70.29705661991528,0.479486006457218
162,0.1086868138244343,0.0451036146485543,0.1031674996108548,0.1116509795214584,0.0603414567478113,0.1067219603530065,0.0676975754636348,0.1175448897835002,0.084869017659368,0.1070082999975035,0.0872078923898735,8.137384285477433,0.1640257834905978,0.080143466549445,0.1377300820369874,0.1158498315861699,0.0998626305915591,0.0646297769082555,0.0756899570642109,0.0698953931845588,0.0916380322687508,0.0562552674377892,0.1062289246181294,0.1020766377541436,11.14042583071956,0.1793677437761593,0.0635804790982146,0.1339600454456432,0.1110595780155956,0.0786036409402643,0.0991446010336328,0.0919054456823616,0.0468779315279884,0.1053289801542564,0.0992574850553496,0.0723798722289073,0.0979019408177857,135.7949364249578,0.478258093111392,0.0900150982363476,0.1231700742228131,0.1048352104240261,0.0612601614183905,0.0506409661223093,0.0612692488542456,0.1018605142205382,0.1005572169077202,0.1047806910125621,0.1026464831215548,0.0989643354594922,142.04774291886363,0.5811752039841892
